-- phpMyAdmin SQL Dump
-- version 4.0.10.18
-- https://www.phpmyadmin.net
--
-- Host: localhost
-- Generation Time: Jan 09, 2018 at 05:33 PM
-- Server version: 10.1.24-MariaDB
-- PHP Version: 5.3.28

SET SQL_MODE = "NO_AUTO_VALUE_ON_ZERO";
SET time_zone = "+00:00";


/*!40101 SET @OLD_CHARACTER_SET_CLIENT=@@CHARACTER_SET_CLIENT */;
/*!40101 SET @OLD_CHARACTER_SET_RESULTS=@@CHARACTER_SET_RESULTS */;
/*!40101 SET @OLD_COLLATION_CONNECTION=@@COLLATION_CONNECTION */;
/*!40101 SET NAMES utf8 */;

--
-- Database: `web234-ycmf`
--

-- --------------------------------------------------------

--
-- Table structure for table `event_overview`
--

CREATE TABLE IF NOT EXISTS `event_overview` (
  `id_event` int(11) NOT NULL AUTO_INCREMENT,
  `date` date DEFAULT NULL,
  `start_time` time NOT NULL,
  `end_time` time NOT NULL,
  `id_venue` int(11) DEFAULT NULL,
  `id_activity` int(11) DEFAULT NULL,
  `event_description` varchar(200) DEFAULT NULL,
  `max_p` int(11) NOT NULL,
  `id_sc` int(11) DEFAULT '1',
  `status` varchar(20) DEFAULT 'planning',
  `input` int(11) NOT NULL,
  `vcode` varchar(200) DEFAULT NULL,
  PRIMARY KEY (`id_event`)
) ENGINE=InnoDB  DEFAULT CHARSET=latin1 AUTO_INCREMENT=408 ;

--
-- Dumping data for table `event_overview`
--

INSERT INTO `event_overview` (`id_event`, `date`, `start_time`, `end_time`, `id_venue`, `id_activity`, `event_description`, `max_p`, `id_sc`, `status`, `input`, `vcode`) VALUES
(7, '2016-07-22', '00:00:00', '00:00:00', 1, 2, 'Come and relax with Akil', 6, 4, 'live', 0, NULL),
(8, '2016-07-30', '00:00:00', '00:00:00', 2, 3, 'Learn new skills while having fun', 20, 2, 'live', 0, NULL),
(9, '2016-08-11', '00:00:00', '00:00:00', 2, 1, 'Grading event', 6, 21, 'live', 0, NULL),
(10, '2016-09-04', '00:00:00', '00:00:00', 2, 4, 'Supporting National Soccr Day', 30, 3, 'live', 0, NULL),
(11, '2016-07-16', '00:00:00', '00:00:00', 2, 3, 'Netball for all ages 8-88', 40, 2, 'live', 0, NULL),
(12, '2016-07-23', '00:00:00', '00:00:00', 1, 2, 'Need a break!!', 10, 2, 'live', 0, NULL),
(24, '2016-09-15', '16:00:00', '17:00:00', 18, 5, 'Advanced skills at the home of the Cardinals', 12, 1, 'planning', 0, NULL),
(25, '2016-09-14', '18:00:00', '18:30:00', 16, 7, 'Hockey 101.  Come and learn the basics', 18, 262, 'live', 0, NULL),
(26, '2016-09-14', '19:00:00', '20:00:00', 16, 4, 'Weekly 5 aside workout', 30, 16, 'live', 0, NULL),
(27, '2016-09-16', '16:00:00', '17:00:00', 20, 11, 'Taster sessions exploiting this great space', 20, 1, 'planning', 0, NULL),
(28, '2016-10-08', '12:00:00', '14:00:00', 16, 11, '2 hours of fun!  Try a new sport or just hang with friends', 20, 1, 'planning', 0, NULL),
(29, '2016-10-06', '12:00:00', '18:00:00', 15, 15, 'Boxing show', 300, 1, 'planning', 0, NULL),
(30, '2016-10-24', '18:00:00', '19:00:00', 23, 1, 'Beginners & Kids', 20, 1, 'planning', 0, NULL),
(31, '2016-09-12', '10:00:00', '11:00:00', 27, 1, 'Thai Boxing', 24, 55, 'planning', 0, NULL),
(32, '2016-09-13', '10:00:00', '11:00:00', 27, 1, 'Thai Boxing', 20, 55, 'planning', 0, NULL),
(33, '2016-09-14', '10:00:00', '11:00:00', 27, 1, 'Thai Boxing', 20, 55, 'planning', 0, NULL),
(34, '2016-09-15', '10:00:00', '11:00:00', 27, 1, 'Thai-boxing', 20, 55, 'planning', 0, NULL),
(35, '2016-09-16', '10:00:00', '11:00:00', 27, 1, 'Thai-boxing', 20, 55, 'planning', 0, NULL),
(36, '2016-09-12', '15:00:00', '16:00:00', 36, 1, 'Thai-boxing', 24, 55, 'planning', 0, NULL),
(37, '2016-09-13', '13:00:00', '14:00:00', 33, 1, 'Thai-boxing', 18, 55, 'planning', 0, NULL),
(38, '2016-09-13', '15:00:00', '16:00:00', 27, 1, 'Thai-boxing', 20, 55, 'planning', 0, NULL),
(39, '2016-09-15', '15:00:00', '16:00:00', 37, 1, 'Thai-boxing', 16, 55, 'planning', 0, NULL),
(40, '2016-09-16', '14:00:00', '15:00:00', 34, 1, 'Thai-boxing', 14, 55, 'planning', 0, NULL),
(41, '2016-09-19', '15:00:00', '16:00:00', 36, 1, 'Thai-boxing/ dance', 23, 55, 'planning', 0, NULL),
(42, '2016-11-25', '16:45:00', '17:45:00', 5, 1, 'Test', 20, 1, 'planning', 0, NULL),
(43, '2016-07-12', '15:00:00', '16:30:00', 31, 1, 'Thai boxing taster', 0, 55, 'closed', 0, NULL),
(44, '2016-06-28', '10:00:00', '11:00:00', 27, 1, 'Thai boxing taster', 0, 55, 'closed', 0, NULL),
(45, '2016-06-30', '10:00:00', '12:00:00', 27, 1, 'Thai boxing taster', 0, 55, 'closed', 0, NULL),
(46, '2016-06-30', '13:30:00', '15:00:00', 27, 1, 'Thai boxing taster', 0, 55, 'closed', 0, NULL),
(47, '2016-07-08', '15:00:00', '16:30:00', 34, 1, 'Thai boxing taster', 0, 55, 'closed', 0, NULL),
(48, '2016-07-12', '10:00:00', '11:30:00', 31, 1, 'Thai boxing taster', 0, 55, 'closed', 0, NULL),
(49, '2016-07-13', '00:00:00', '00:00:00', 33, 1, 'Thai boxing taster', 0, 55, 'closed', 0, NULL),
(50, '2016-09-12', '15:00:00', '16:30:00', 27, 1, 'Thai boxing taster', 0, 55, 'closed', 0, NULL),
(51, '2016-09-13', '15:00:00', '16:30:00', 27, 1, 'Thai boxing taster', 0, 55, 'closed', 0, NULL),
(52, '2016-09-14', '15:00:00', '16:30:00', 27, 1, 'Thai boxing taster', 0, 55, 'closed', 0, NULL),
(53, '2016-09-15', '15:00:00', '16:30:00', 27, 1, 'Thai boxing taster', 0, 55, 'closed', 0, NULL),
(54, '2016-09-16', '16:00:00', '16:30:00', 27, 1, 'Thai boxing taster', 0, 55, 'closed', 0, NULL),
(55, '2016-09-16', '10:00:00', '12:00:00', 35, 1, 'Thai boxing taster', 0, 55, 'closed', 0, NULL),
(56, '2016-09-12', '15:15:00', '16:30:00', 36, 1, 'Boxercise', 0, 55, 'closed', 0, NULL),
(57, '2016-09-19', '15:15:00', '16:30:00', 36, 1, 'Boxercise', 0, 55, 'closed', 0, NULL),
(58, '2016-09-26', '15:15:00', '16:30:00', 36, 1, 'Boxercise', 0, 55, 'closed', 0, NULL),
(59, '2016-10-03', '15:15:00', '16:30:00', 36, 1, 'Boxercise', 0, 55, 'closed', 0, NULL),
(60, '2016-10-10', '15:15:00', '16:30:00', 36, 1, 'Boxercise', 0, 55, 'closed', 0, NULL),
(61, '2016-10-17', '15:15:00', '16:30:00', 36, 1, 'Boxercise', 0, 55, 'closed', 0, NULL),
(62, '2016-09-13', '13:00:00', '14:00:00', 33, 1, 'Boxercise', 0, 55, 'closed', 0, NULL),
(63, '2016-09-20', '13:00:00', '14:00:00', 33, 1, 'Boxercise', 0, 55, 'closed', 0, NULL),
(64, '2016-09-27', '13:00:00', '14:00:00', 33, 1, 'Boxercise', 0, 55, 'closed', 0, NULL),
(65, '2016-10-04', '13:00:00', '14:00:00', 33, 1, 'Boxercise', 0, 55, 'closed', 0, NULL),
(66, '2016-10-11', '13:00:00', '14:00:00', 33, 1, 'Boxercise', 0, 55, 'closed', 0, NULL),
(67, '2016-10-18', '13:00:00', '14:00:00', 33, 1, 'Boxercise', 0, 55, 'closed', 0, NULL),
(68, '2016-09-13', '15:30:00', '16:30:00', 27, 1, 'Boxercise', 0, 55, 'closed', 0, NULL),
(69, '2016-09-20', '15:30:00', '16:30:00', 27, 1, 'Boxercise', 0, 55, 'closed', 0, NULL),
(70, '2016-09-27', '15:30:00', '16:30:00', 27, 1, 'Boxercise', 0, 55, 'closed', 0, NULL),
(71, '2016-10-04', '15:30:00', '16:30:00', 27, 1, 'Boxercise', 0, 55, 'closed', 0, NULL),
(72, '2016-10-11', '15:30:00', '16:30:00', 27, 1, 'Boxercise', 0, 55, 'closed', 0, NULL),
(73, '2016-10-18', '15:30:00', '16:30:00', 27, 1, 'Boxercise', 0, 55, 'closed', 0, NULL),
(74, '2016-09-14', '15:00:00', '16:00:00', 40, 1, 'Boxercise', 0, 55, 'closed', 0, NULL),
(75, '2016-09-21', '15:00:00', '16:00:00', 40, 1, 'Boxcercise', 0, 55, 'closed', 0, NULL),
(76, '2016-09-28', '15:00:00', '16:00:00', 40, 1, 'Boxcercise', 0, 55, 'closed', 0, NULL),
(77, '2016-10-05', '15:00:00', '16:00:00', 40, 1, 'Boxcercise', 0, 55, 'closed', 0, NULL),
(78, '2016-10-12', '15:00:00', '16:00:00', 40, 1, 'Boxcercise', 0, 55, 'closed', 0, NULL),
(79, '2016-10-19', '15:00:00', '16:00:00', 40, 1, 'Boxcercise', 0, 55, 'closed', 0, NULL),
(80, '2016-09-15', '15:30:00', '16:30:00', 37, 1, 'Boxercise', 0, 55, 'closed', 0, NULL),
(81, '2016-09-22', '15:30:00', '16:30:00', 37, 1, 'Boxercise', 0, 55, 'closed', 0, NULL),
(82, '2016-09-29', '15:30:00', '16:30:00', 37, 1, 'Boxercise', 0, 55, 'closed', 0, NULL),
(83, '2016-10-06', '15:30:00', '16:30:00', 37, 1, 'Boxercise', 0, 55, 'closed', 0, NULL),
(84, '2016-10-13', '15:30:00', '16:30:00', 37, 1, 'Boxercise', 0, 55, 'closed', 0, NULL),
(85, '2016-10-20', '15:30:00', '16:30:00', 37, 1, 'Boxercise', 0, 55, 'closed', 0, NULL),
(86, '2016-09-16', '14:00:00', '15:15:00', 34, 1, 'Boxercise', 0, 55, 'closed', 0, NULL),
(87, '2016-09-23', '14:00:00', '15:15:00', 34, 1, 'Boxercise', 0, 55, 'closed', 0, NULL),
(88, '2016-09-30', '14:00:00', '15:15:00', 34, 1, 'Boxercise', 0, 55, 'closed', 0, NULL),
(89, '2016-10-07', '14:00:00', '15:15:00', 34, 1, 'Boxercise', 0, 55, 'closed', 0, NULL),
(90, '2016-10-14', '14:00:00', '15:15:00', 34, 1, 'Boxercise', 0, 55, 'closed', 0, NULL),
(91, '2016-10-21', '14:00:00', '15:15:00', 34, 1, 'Boxercise', 0, 55, 'closed', 0, NULL),
(92, '2017-02-02', '10:30:00', '11:30:00', 42, 1, 'Boxercise', 10, 10, 'live', 0, NULL),
(93, '2016-11-11', '19:00:00', '20:00:00', 43, 1, NULL, 0, 212, 'closed', 0, NULL),
(94, '2016-11-18', '19:00:00', '20:00:00', 43, 1, NULL, 0, 212, 'closed', 0, NULL),
(95, '2016-11-25', '19:00:00', '20:00:00', 43, 1, NULL, 0, 212, 'closed', 0, NULL),
(96, '2016-12-02', '19:00:00', '20:00:00', 43, 1, NULL, 0, 212, 'closed', 0, NULL),
(97, '2016-12-09', '19:00:00', '20:00:00', 43, 1, NULL, 0, 212, 'closed', 0, NULL),
(98, '2016-12-16', '19:00:00', '20:00:00', 43, 1, NULL, 0, 212, 'closed', 0, NULL),
(99, '2016-10-16', '19:00:00', '20:00:00', 21, 1, 'Karate', 0, 81, 'closed', 0, NULL),
(100, '2016-10-23', '19:00:00', '20:00:00', 21, 1, 'Karate', 0, 81, 'closed', 0, NULL),
(101, '2016-10-30', '19:00:00', '20:00:00', 21, 1, 'Karate', 0, 81, 'closed', 0, NULL),
(102, '2016-11-06', '19:00:00', '20:00:00', 21, 1, 'Karate', 0, 81, 'closed', 0, NULL),
(103, '2016-11-13', '19:00:00', '20:00:00', 21, 1, 'Karate', 0, 81, 'closed', 0, NULL),
(105, '2016-12-04', '19:00:00', '20:00:00', 21, 1, 'Karate', 0, 81, 'closed', 0, NULL),
(106, '2016-12-11', '19:00:00', '20:00:00', 21, 1, 'Karate', 0, 81, 'closed', 0, NULL),
(107, '2017-01-09', '13:00:00', '14:00:00', 31, 1, 'Boxercise', 40, 55, 'planning', 0, NULL),
(108, '2017-01-10', '15:30:00', '16:30:00', 30, 1, 'Boxercise', 30, 55, 'planning', 0, NULL),
(109, '2017-01-09', '15:15:00', '14:15:00', 36, 1, 'Boxercise', 40, 55, 'planning', 0, NULL),
(110, '2017-01-16', '15:15:00', '14:15:00', 36, 1, 'Boxercise', 40, 55, 'planning', 0, NULL),
(111, '2017-01-23', '15:15:00', '14:15:00', 36, 1, 'Boxercise', 40, 55, 'planning', 0, NULL),
(112, '2017-01-30', '15:15:00', '14:15:00', 36, 1, 'Boxercise', 40, 55, 'planning', 0, NULL),
(113, '2017-02-06', '15:15:00', '14:15:00', 36, 1, 'Boxercise', 40, 55, 'planning', 0, NULL),
(114, '2017-02-13', '15:15:00', '14:15:00', 36, 1, 'Boxercise', 40, 55, 'planning', 0, NULL),
(115, '2017-02-20', '15:15:00', '14:15:00', 36, 1, 'Boxercise', 40, 55, 'planning', 0, NULL),
(116, '2017-02-27', '15:15:00', '14:15:00', 36, 1, 'Boxercise', 40, 55, 'planning', 0, NULL),
(117, '2017-01-09', '13:00:00', '14:00:00', 31, 1, 'Boxercise', 40, 55, 'planning', 0, NULL),
(118, '2017-01-16', '13:00:00', '14:00:00', 31, 1, 'Boxercise', 40, 55, 'planning', 0, NULL),
(119, '2017-01-23', '13:00:00', '14:00:00', 31, 1, 'Boxercise', 40, 55, 'planning', 0, NULL),
(120, '2017-01-30', '13:00:00', '14:00:00', 31, 1, 'Boxercise', 40, 55, 'planning', 0, NULL),
(121, '2017-02-06', '13:00:00', '14:00:00', 31, 1, 'Boxercise', 40, 55, 'planning', 0, NULL),
(122, '2017-02-13', '13:00:00', '14:00:00', 31, 1, 'Boxercise', 40, 55, 'planning', 0, NULL),
(123, '2017-02-20', '13:00:00', '14:00:00', 31, 1, 'Boxercise', 40, 55, 'planning', 0, NULL),
(124, '2017-02-27', '13:00:00', '14:00:00', 31, 1, 'Boxercise', 40, 55, 'planning', 0, NULL),
(125, '2017-01-10', '15:30:00', '16:30:00', 30, 1, 'Boxercise', 40, 55, 'planning', 0, NULL),
(126, '2017-01-17', '15:30:00', '16:30:00', 30, 1, 'Boxercise', 40, 55, 'planning', 0, NULL),
(127, '2017-01-24', '15:30:00', '16:30:00', 30, 1, 'Boxercise', 40, 55, 'planning', 0, NULL),
(128, '2017-01-31', '15:30:00', '16:30:00', 30, 1, 'Boxercise', 40, 55, 'planning', 0, NULL),
(129, '2017-02-07', '15:30:00', '16:30:00', 30, 1, 'Boxercise', 40, 55, 'planning', 0, NULL),
(130, '2017-02-14', '15:30:00', '16:30:00', 30, 1, 'Boxercise', 40, 55, 'planning', 0, NULL),
(131, '2017-02-21', '15:30:00', '16:30:00', 30, 1, 'Boxercise', 40, 55, 'planning', 0, NULL),
(132, '2017-02-28', '15:30:00', '16:30:00', 30, 1, 'Boxercise', 40, 55, 'planning', 0, NULL),
(133, '2017-01-10', '13:00:00', '14:00:00', 33, 1, 'Boxercise', 40, 55, 'planning', 0, NULL),
(134, '2017-01-17', '13:00:00', '14:00:00', 33, 1, 'Boxercise', 40, 55, 'planning', 0, NULL),
(135, '2017-01-24', '13:00:00', '14:00:00', 33, 1, 'Boxercise', 40, 55, 'planning', 0, NULL),
(136, '2017-01-31', '13:00:00', '14:00:00', 33, 1, 'Boxercise', 40, 55, 'planning', 0, NULL),
(137, '2017-02-07', '13:00:00', '14:00:00', 33, 1, 'Boxercise', 40, 55, 'planning', 0, NULL),
(138, '2017-02-14', '13:00:00', '14:00:00', 33, 1, 'Boxercise', 40, 55, 'planning', 0, NULL),
(139, '2017-02-21', '13:00:00', '14:00:00', 33, 1, 'Boxercise', 40, 55, 'planning', 0, NULL),
(140, '2017-02-28', '13:00:00', '14:00:00', 33, 1, 'Boxercise', 40, 55, 'planning', 0, NULL),
(141, '2017-01-11', '13:00:00', '14:00:00', 28, 1, 'Boxercise', 40, 55, 'planning', 0, NULL),
(142, '2017-01-18', '13:00:00', '14:00:00', 28, 1, 'Boxercise', 40, 55, 'planning', 0, NULL),
(143, '2017-01-25', '13:00:00', '14:00:00', 28, 1, 'Boxercise', 40, 55, 'planning', 0, NULL),
(144, '2017-02-01', '13:00:00', '14:00:00', 28, 1, 'Boxercise', 40, 55, 'planning', 0, NULL),
(145, '2017-02-08', '13:00:00', '14:00:00', 28, 1, 'Boxercise', 40, 55, 'planning', 0, NULL),
(146, '2017-02-15', '13:00:00', '14:00:00', 28, 1, 'Boxercise', 40, 55, 'planning', 0, NULL),
(147, '2017-02-22', '13:00:00', '14:00:00', 28, 1, 'Boxercise', 40, 55, 'planning', 0, NULL),
(148, '2017-01-11', '15:00:00', '16:00:00', 40, 1, 'Boxercise', 40, 55, 'planning', 0, NULL),
(149, '2017-01-18', '15:00:00', '16:00:00', 40, 1, 'Boxercise', 40, 55, 'planning', 0, NULL),
(150, '2017-01-25', '15:00:00', '16:00:00', 40, 1, 'Boxercise', 40, 55, 'planning', 0, NULL),
(151, '2017-02-01', '15:00:00', '16:00:00', 40, 1, 'Boxercise', 40, 55, 'planning', 0, NULL),
(152, '2017-02-08', '15:00:00', '16:00:00', 40, 1, 'Boxercise', 40, 55, 'planning', 0, NULL),
(153, '2017-02-15', '15:00:00', '16:00:00', 40, 1, 'Boxercise', 40, 55, 'planning', 0, NULL),
(154, '2017-02-22', '15:00:00', '16:00:00', 40, 1, 'Boxercise', 40, 55, 'planning', 0, NULL),
(155, '2017-01-12', '13:00:00', '14:00:00', 38, 1, 'Boxercise', 40, 55, 'planning', 0, NULL),
(156, '2017-01-19', '13:00:00', '14:00:00', 38, 1, 'Boxercise', 40, 55, 'planning', 0, NULL),
(157, '2017-01-26', '13:00:00', '14:00:00', 38, 1, 'Boxercise', 40, 55, 'planning', 0, NULL),
(158, '2017-02-02', '13:00:00', '14:00:00', 38, 1, 'Boxercise', 40, 55, 'planning', 0, NULL),
(159, '2017-02-09', '13:00:00', '14:00:00', 38, 1, 'Boxercise', 40, 55, 'planning', 0, NULL),
(160, '2017-02-16', '13:00:00', '14:00:00', 38, 1, 'Boxercise', 40, 55, 'planning', 0, NULL),
(161, '2017-02-23', '13:00:00', '14:00:00', 38, 1, 'Boxercise', 40, 55, 'planning', 0, NULL),
(162, '2017-01-12', '15:30:00', '16:30:00', 37, 1, 'Boxercise', 40, 55, 'planning', 0, NULL),
(163, '2017-01-19', '15:30:00', '16:30:00', 37, 1, 'Boxercise', 40, 55, 'planning', 0, NULL),
(164, '2017-01-26', '15:30:00', '16:30:00', 37, 1, 'Boxercise', 40, 55, 'planning', 0, NULL),
(165, '2017-02-02', '15:30:00', '16:30:00', 37, 1, 'Boxercise', 40, 55, 'planning', 0, NULL),
(166, '2017-02-09', '15:30:00', '16:30:00', 37, 1, 'Boxercise', 40, 55, 'planning', 0, NULL),
(167, '2017-02-16', '15:30:00', '16:30:00', 37, 1, 'Boxercise', 40, 55, 'planning', 0, NULL),
(168, '2017-02-23', '15:30:00', '16:30:00', 37, 1, 'Boxercise', 40, 55, 'planning', 0, NULL),
(169, '2017-01-13', '15:30:00', '16:30:00', 34, 1, 'Boxercise', 40, 55, 'planning', 0, NULL),
(170, '2017-01-20', '15:30:00', '16:30:00', 34, 1, 'Boxercise', 40, 55, 'planning', 0, NULL),
(171, '2017-01-27', '15:30:00', '16:30:00', 34, 1, 'Boxercise', 40, 55, 'planning', 0, NULL),
(172, '2017-02-03', '15:30:00', '16:30:00', 34, 1, 'Boxercise', 40, 55, 'planning', 0, NULL),
(173, '2017-02-10', '15:30:00', '16:30:00', 34, 1, 'Boxercise', 40, 55, 'planning', 0, NULL),
(174, '2017-02-17', '15:30:00', '16:30:00', 34, 1, 'Boxercise', 40, 55, 'planning', 0, NULL),
(175, '2017-02-24', '15:30:00', '16:30:00', 34, 1, 'Boxercise', 40, 55, 'planning', 0, NULL),
(176, '2017-01-13', '11:00:00', '12:00:00', 39, 1, 'Boxercise', 40, 55, 'planning', 0, NULL),
(177, '2017-01-20', '11:00:00', '12:00:00', 39, 1, 'Boxercise', 40, 55, 'planning', 0, NULL),
(178, '2017-01-27', '11:00:00', '12:00:00', 39, 1, 'Boxercise', 40, 55, 'planning', 0, NULL),
(179, '2017-02-03', '11:00:00', '12:00:00', 39, 1, 'Boxercise', 40, 55, 'planning', 0, NULL),
(180, '2017-02-10', '11:00:00', '12:00:00', 39, 1, 'Boxercise', 40, 55, 'planning', 0, NULL),
(181, '2017-02-17', '11:00:00', '12:00:00', 39, 1, 'Boxercise', 40, 55, 'planning', 0, NULL),
(182, '2017-02-24', '11:00:00', '12:00:00', 39, 1, 'Boxercise', 40, 55, 'planning', 0, NULL),
(197, '2017-03-02', '15:30:00', '16:30:00', 37, 1, 'Boxercise', 40, 55, 'live', 0, NULL),
(198, '2017-03-09', '15:30:00', '16:30:00', 37, 1, 'Boxercise', 40, 55, 'live', 0, NULL),
(199, '2017-03-16', '15:30:00', '16:30:00', 37, 1, 'Boxercise', 40, 55, 'live', 0, NULL),
(200, '2017-03-23', '15:30:00', '16:30:00', 37, 1, 'Boxercise', 40, 55, 'live', 0, NULL),
(201, '2017-03-30', '15:30:00', '16:30:00', 37, 1, 'Boxercise', 40, 55, 'live', 0, NULL),
(202, '2017-03-06', '13:00:00', '14:00:00', 31, 1, 'Boxercise', 40, 55, 'live', 0, NULL),
(203, '2017-03-13', '13:00:00', '14:00:00', 31, 1, 'Boxercise', 40, 55, 'live', 0, NULL),
(204, '2017-03-20', '13:00:00', '14:00:00', 31, 1, 'Boxercise', 40, 55, 'live', 0, NULL),
(205, '2017-03-27', '13:00:00', '14:00:00', 31, 1, 'Boxercise', 40, 55, 'live', 0, NULL),
(206, '2017-03-01', '15:00:00', '16:00:00', 40, 1, 'Boxercise', 40, 55, 'live', 0, NULL),
(207, '2017-03-08', '15:00:00', '16:00:00', 40, 1, 'Boxercise', 40, 55, 'live', 0, NULL),
(208, '2017-03-15', '15:00:00', '16:00:00', 40, 1, 'Boxercise', 40, 55, 'live', 0, NULL),
(209, '2017-03-22', '15:00:00', '16:00:00', 40, 1, 'Boxercise', 40, 55, 'live', 0, NULL),
(210, '2017-03-29', '15:00:00', '16:00:00', 40, 1, 'Boxercise', 40, 55, 'live', 0, NULL),
(211, '2017-03-06', '15:15:00', '16:15:00', 36, 1, 'Boxercise', 40, 55, 'live', 0, NULL),
(212, '2017-03-13', '15:15:00', '16:15:00', 36, 1, 'Boxercise', 40, 55, 'live', 0, NULL),
(213, '2017-03-20', '15:15:00', '16:15:00', 36, 1, 'Boxercise', 40, 55, 'live', 0, NULL),
(214, '2017-03-27', '15:15:00', '16:15:00', 36, 1, 'Boxercise', 40, 55, 'live', 0, NULL),
(215, '2017-03-07', '15:30:00', '16:30:00', 25, 1, 'Boxercise', 40, 55, 'live', 0, NULL),
(216, '2017-03-14', '15:30:00', '16:30:00', 25, 1, 'Boxercise', 40, 55, 'live', 0, NULL),
(217, '2017-03-21', '15:30:00', '16:30:00', 25, 1, 'Boxercise', 40, 55, 'live', 0, NULL),
(218, '2017-03-28', '15:30:00', '16:30:00', 25, 1, 'Boxercise', 40, 55, 'live', 0, NULL),
(219, '2017-03-07', '13:00:00', '14:00:00', 32, 1, 'Boxercise', 40, 55, 'live', 0, NULL),
(220, '2017-03-14', '13:00:00', '14:00:00', 32, 1, 'Boxercise', 40, 55, 'live', 0, NULL),
(221, '2017-03-21', '13:00:00', '14:00:00', 32, 1, 'Boxercise', 40, 55, 'live', 0, NULL),
(222, '2017-03-28', '13:00:00', '14:00:00', 32, 1, 'Boxercise', 40, 55, 'live', 0, NULL),
(223, '2017-01-08', '19:00:00', '20:00:00', 21, 1, 'Karate', 0, 81, 'planning', 0, NULL),
(224, '2017-01-15', '19:00:00', '20:00:00', 21, 1, 'Karate', 0, 81, 'planning', 0, NULL),
(225, '2017-01-22', '19:00:00', '20:00:00', 21, 1, 'Karate', 0, 81, 'closed', 0, NULL),
(226, '2017-02-05', '19:00:00', '20:00:00', 21, 1, 'Karate', 0, 81, 'closed', 0, NULL),
(227, '2017-02-12', '19:00:00', '20:00:00', 21, 1, 'Karate', 0, 81, 'closed', 0, NULL),
(228, '2017-02-19', '19:00:00', '20:00:00', 21, 1, 'Karate', 0, 81, 'closed', 0, NULL),
(229, '2017-02-26', '19:00:00', '20:00:00', 21, 1, 'Karate', 0, 81, 'closed', 0, NULL),
(230, '2017-03-05', '19:00:00', '20:00:00', 21, 1, 'Karate', 0, 81, 'closed', 0, NULL),
(231, '2017-03-12', '19:00:00', '20:00:00', 21, 1, 'Karate', 0, 81, 'closed', 0, NULL),
(232, '2017-03-19', '19:00:00', '20:00:00', 21, 1, 'Karate', 0, 81, 'closed', 0, NULL),
(233, '2017-03-26', '19:00:00', '20:00:00', 21, 1, 'Karate', 0, 81, 'closed', 0, NULL),
(234, '2017-04-02', '19:00:00', '20:00:00', 21, 1, 'Karate', 0, 81, 'closed', 0, NULL),
(235, '2017-04-09', '19:00:00', '20:00:00', 21, 1, 'Karate', 0, 81, 'closed', 0, NULL),
(237, '2017-04-30', '19:00:00', '20:00:00', 21, 1, 'Karate', 0, 81, 'closed', 0, NULL),
(238, '2017-06-30', '15:00:00', '16:00:00', 53, 4, 'Weekly five-a-side', 30, 133, 'live', 1, NULL),
(239, '2017-07-07', '12:05:00', '12:35:00', 45, 1, 'Karate', 0, 277, 'closed', 0, NULL),
(240, '2017-07-07', '12:05:00', '12:35:00', 45, 11, 'Shaun the Sheep Championsheeps', 0, 279, 'closed', 0, NULL),
(242, '2017-07-07', '12:40:00', '13:10:00', 46, 1, 'Karate', 0, 279, 'closed', 0, NULL),
(243, '2017-07-07', '12:40:00', '13:10:00', 46, 11, 'Shaun the Sheep Championsheeps', 0, 278, 'closed', 0, NULL),
(244, '2017-07-07', '13:20:00', '13:45:00', 51, 11, 'Salford University experience', 0, 279, 'closed', 0, NULL),
(245, '2017-07-07', '13:20:00', '13:45:00', 45, 4, 'Soccer with Manchester United Foundation', 0, 277, 'closed', 0, NULL),
(246, '2017-07-07', '13:50:00', '14:20:00', 51, 11, 'Salford University experience', 0, 278, 'closed', 0, NULL),
(247, '2017-07-07', '13:50:00', '14:20:00', 45, 4, 'Soccer with Manchester United Foundation', 0, 279, 'closed', 0, NULL),
(249, '2017-07-07', '14:25:00', '15:00:00', 48, 2, 'Yoga and wrap up', 0, 277, 'closed', 0, NULL),
(250, '2017-07-07', '12:20:00', '12:50:00', 51, 11, 'Salford University experience', 0, 23, 'closed', 0, NULL),
(251, '2017-07-07', '12:20:00', '12:50:00', 45, 4, 'Soccer with Manchester United Foundation', 0, 226, 'closed', 0, NULL),
(252, '2017-07-07', '12:55:00', '13:25:00', 51, 11, 'Salford University experience', 0, 268, 'closed', 0, NULL),
(253, '2017-07-07', '12:55:00', '13:25:00', 45, 4, 'Soccer with Manchester United Foundation', 0, 23, 'closed', 0, NULL),
(254, '2017-07-07', '13:30:00', '14:00:00', 47, 17, 'Rugby with Toronto Wolfpack', 0, 23, 'closed', 0, NULL),
(255, '2017-07-07', '13:30:00', '14:00:00', 46, 11, 'Team Salford sports ', 0, 226, 'closed', 0, NULL),
(256, '2017-07-07', '14:05:00', '14:35:00', 47, 17, 'Rugby with Toronto Wolfpack', 0, 268, 'closed', 0, NULL),
(257, '2017-07-07', '14:05:00', '14:35:00', 46, 11, 'Team Salford sports ', 0, 23, 'closed', 0, NULL),
(258, '2017-07-07', '14:45:00', '15:10:00', 46, 11, 'Shaun the Sheep Championsheeps', 0, 23, 'closed', 0, NULL),
(259, '2017-07-07', '14:45:00', '15:10:00', 46, 1, 'Karate', 0, 226, 'closed', 0, NULL),
(260, '2017-07-07', '15:15:00', '15:45:00', 46, 11, 'Shaun the Sheep Championsheeps', 0, 268, 'closed', 0, NULL),
(261, '2017-07-07', '15:15:00', '15:45:00', 46, 1, 'Karate', 0, 268, 'closed', 0, NULL),
(262, '2017-07-07', '15:50:00', '16:05:00', 48, 2, 'Yoga and wrap up', 0, 277, 'closed', 0, NULL),
(263, '2017-07-07', '12:35:00', '13:05:00', 47, 17, 'Rugby with Toronto Wolfpack', 0, 87, 'closed', 0, NULL),
(264, '2017-07-07', '12:35:00', '13:05:00', 46, 11, 'Team Salford sports ', 0, 280, 'closed', 0, NULL),
(265, '2017-07-07', '13:10:00', '13:40:00', 47, 17, 'Rugby with Toronto Wolfpack', 0, 281, 'closed', 0, NULL),
(266, '2017-07-07', '13:10:00', '13:40:00', 46, 11, 'Team Salford sports ', 0, 87, 'closed', 0, NULL),
(267, '2017-07-07', '13:45:00', '14:15:00', 46, 1, 'Karate', 0, 87, 'closed', 0, NULL),
(268, '2017-07-07', '13:45:00', '14:15:00', 46, 11, 'Shaun the Sheep Championsheeps', 0, 280, 'closed', 0, NULL),
(269, '2017-07-07', '14:20:00', '14:45:00', 46, 1, 'Karate', 0, 281, 'closed', 0, NULL),
(270, '2017-07-07', '14:20:00', '14:45:00', 46, 11, 'Shaun the Sheep Championsheeps', 0, 87, 'closed', 0, NULL),
(271, '2017-07-07', '14:55:00', '15:25:00', 51, 11, 'Salford University experience', 0, 87, 'closed', 0, NULL),
(272, '2017-07-07', '14:55:00', '15:25:00', 45, 4, 'Soccer with Manchester United Foundation', 0, 280, 'closed', 0, NULL),
(273, '2017-07-07', '15:30:00', '16:00:00', 51, 11, 'Salford University experience', 0, 281, 'closed', 0, NULL),
(274, '2017-07-07', '15:30:00', '16:00:00', 45, 4, 'Soccer with Manchester United Foundation', 0, 87, 'closed', 0, NULL),
(275, '2017-07-07', '16:05:00', '16:30:00', 48, 2, 'Yoga and wrap up', 0, 280, 'closed', 0, NULL),
(276, '2017-07-22', '08:00:00', '09:00:00', 46, 1, 'Tai Chi test', 10, 133, 'closed', 1, NULL),
(277, '2017-07-27', '02:13:00', '01:10:00', 47, 1, '', 2, 282, 'live', 0, NULL),
(278, '2017-11-04', '14:00:00', '15:00:00', 20, 11, 'Taster session of various sports to get you moving and try different things.', 30, 262, 'live', 0, NULL),
(279, '2017-10-28', '11:00:00', '12:00:00', 17, 10, 'Tennis skills and fitness training', 10, 262, 'live', 0, NULL),
(280, '2017-05-07', '19:00:00', '20:00:00', 21, 1, 'Karate', 0, 81, 'closed', 0, NULL),
(281, '2017-05-14', '19:00:00', '20:00:00', 21, 1, 'Karate', 0, 81, 'closed', 0, NULL),
(282, '2017-05-21', '19:00:00', '20:00:00', 21, 1, 'Karate', 0, 81, 'closed', 0, NULL),
(283, '2017-06-04', '19:00:00', '20:00:00', 21, 1, 'Karate', 0, 81, 'closed', 0, NULL),
(284, '2017-06-11', '19:00:00', '20:00:00', 21, 1, 'Karate', 0, 81, 'closed', 0, NULL),
(285, '2017-06-18', '19:00:00', '20:00:00', 21, 1, 'Karate', 0, 81, 'closed', 0, NULL),
(286, '2017-06-25', '19:00:00', '20:00:00', 21, 1, 'Karate', 0, 81, 'closed', 0, NULL),
(287, '2017-07-02', '19:00:00', '20:00:00', 21, 1, 'Karate', 0, 81, 'closed', 0, NULL),
(288, '2017-07-09', '19:00:00', '20:00:00', 21, 1, 'Karate', 0, 81, 'closed', 0, NULL),
(289, '2017-07-16', '19:00:00', '20:00:00', 21, 1, 'Karate', 0, 81, 'closed', 0, NULL),
(290, '2017-07-23', '19:00:00', '20:00:00', 21, 1, 'Karate', 0, 81, 'closed', 0, NULL),
(291, '2017-07-30', '19:00:00', '20:00:00', 21, 1, 'Karate', 0, 81, 'closed', 0, NULL),
(292, '2017-08-06', '19:00:00', '20:00:00', 21, 1, 'Karate', 0, 81, 'closed', 0, NULL),
(293, '2017-08-13', '19:00:00', '20:00:00', 21, 1, 'Karate', 0, 81, 'closed', 0, NULL),
(294, '2017-08-20', '19:00:00', '20:00:00', 21, 1, 'Karate', 0, 81, 'closed', 0, NULL),
(295, '2017-08-27', '19:00:00', '20:00:00', 21, 1, 'Karate', 0, 81, 'closed', 0, NULL),
(296, '2017-09-03', '19:00:00', '20:00:00', 21, 1, 'Karate', 0, 81, 'closed', 0, NULL),
(297, '2017-09-10', '19:00:00', '20:00:00', 21, 1, 'Karate', 0, 81, 'closed', 0, NULL),
(298, '2017-09-17', '19:00:00', '20:00:00', 21, 1, 'Karate', 0, 81, 'closed', 0, NULL),
(299, '2017-09-24', '19:00:00', '20:00:00', 21, 1, 'Karate', 0, 81, 'closed', 0, NULL),
(300, '2017-10-01', '19:00:00', '20:00:00', 21, 1, 'Karate', 0, 81, 'closed', 0, NULL),
(301, '2017-10-08', '19:00:00', '20:00:00', 21, 1, 'Karate', 0, 81, 'closed', 0, NULL),
(302, '2017-10-15', '19:00:00', '20:00:00', 21, 1, 'Karate', 0, 81, 'closed', 0, NULL),
(303, '2017-10-22', '19:00:00', '20:00:00', 21, 1, 'Karate', 0, 81, 'closed', 0, NULL),
(304, '2017-10-29', '19:00:00', '20:00:00', 21, 1, 'Karate', 0, 81, 'closed', 0, NULL),
(305, '2017-09-13', '10:00:00', '11:00:00', 27, 1, 'Thai Boxing', 24, 55, 'planning', 0, NULL),
(306, '2017-09-14', '10:00:00', '11:00:00', 27, 1, 'Thai Boxing', 20, 55, 'planning', 0, NULL),
(307, '2017-09-15', '10:00:00', '11:00:00', 27, 1, 'Thai Boxing', 20, 55, 'planning', 0, NULL),
(308, '2017-09-16', '10:00:00', '11:00:00', 27, 1, 'Thai-boxing', 20, 55, 'planning', 0, NULL),
(309, '2017-09-17', '10:00:00', '11:00:00', 27, 1, 'Thai-boxing', 20, 55, 'planning', 0, NULL),
(310, '2017-09-13', '15:00:00', '16:00:00', 36, 1, 'Thai-boxing', 24, 55, 'planning', 0, NULL),
(311, '2017-09-14', '13:00:00', '14:00:00', 33, 1, 'Thai-boxing', 18, 55, 'planning', 0, NULL),
(312, '2017-09-14', '15:00:00', '16:00:00', 27, 1, 'Thai-boxing', 20, 55, 'planning', 0, NULL),
(313, '2017-09-16', '15:00:00', '16:00:00', 37, 1, 'Thai-boxing', 16, 55, 'planning', 0, NULL),
(314, '2017-09-17', '14:00:00', '15:00:00', 34, 1, 'Thai-boxing', 14, 55, 'planning', 0, NULL),
(315, '2017-09-20', '15:00:00', '16:00:00', 36, 1, 'Thai-boxing/ dance', 23, 55, 'planning', 0, NULL),
(316, '2017-07-13', '15:00:00', '16:30:00', 31, 1, 'Thai boxing taster', 0, 55, 'closed', 0, NULL),
(317, '2017-06-29', '10:00:00', '11:00:00', 27, 1, 'Thai boxing taster', 0, 55, 'closed', 0, NULL),
(318, '2017-07-01', '10:00:00', '12:00:00', 27, 1, 'Thai boxing taster', 0, 55, 'closed', 0, NULL),
(319, '2017-07-01', '13:30:00', '15:00:00', 27, 1, 'Thai boxing taster', 0, 55, 'closed', 0, NULL),
(320, '2017-07-09', '15:00:00', '16:30:00', 34, 1, 'Thai boxing taster', 0, 55, 'closed', 0, NULL),
(321, '2017-07-13', '10:00:00', '11:30:00', 31, 1, 'Thai boxing taster', 0, 55, 'closed', 0, NULL),
(322, '2017-07-14', '00:00:00', '00:00:00', 33, 1, 'Thai boxing taster', 0, 55, 'closed', 0, NULL),
(323, '2017-09-13', '15:00:00', '16:30:00', 27, 1, 'Thai boxing taster', 0, 55, 'closed', 0, NULL),
(324, '2017-09-14', '15:00:00', '16:30:00', 27, 1, 'Thai boxing taster', 0, 55, 'closed', 0, NULL),
(325, '2017-09-15', '15:00:00', '16:30:00', 27, 1, 'Thai boxing taster', 0, 55, 'closed', 0, NULL),
(326, '2017-09-16', '15:00:00', '16:30:00', 27, 1, 'Thai boxing taster', 0, 55, 'closed', 0, NULL),
(327, '2017-09-17', '16:00:00', '16:30:00', 27, 1, 'Thai boxing taster', 0, 55, 'closed', 0, NULL),
(328, '2017-09-17', '10:00:00', '12:00:00', 35, 1, 'Thai boxing taster', 0, 55, 'closed', 0, NULL),
(329, '2017-09-13', '15:15:00', '16:30:00', 36, 1, 'Boxercise', 0, 55, 'closed', 0, NULL),
(330, '2017-09-20', '15:15:00', '16:30:00', 36, 1, 'Boxercise', 0, 55, 'closed', 0, NULL),
(331, '2017-09-27', '15:15:00', '16:30:00', 36, 1, 'Boxercise', 0, 55, 'closed', 0, NULL),
(332, '2017-10-04', '15:15:00', '16:30:00', 36, 1, 'Boxercise', 0, 55, 'closed', 0, NULL),
(333, '2017-10-11', '15:15:00', '16:30:00', 36, 1, 'Boxercise', 0, 55, 'closed', 0, NULL),
(334, '2017-10-18', '15:15:00', '16:30:00', 36, 1, 'Boxercise', 0, 55, 'closed', 0, NULL),
(335, '2017-09-14', '13:00:00', '14:00:00', 33, 1, 'Boxercise', 0, 55, 'closed', 0, NULL),
(336, '2017-09-21', '13:00:00', '14:00:00', 33, 1, 'Boxercise', 0, 55, 'closed', 0, NULL),
(337, '2017-09-28', '13:00:00', '14:00:00', 33, 1, 'Boxercise', 0, 55, 'closed', 0, NULL),
(338, '2017-10-05', '13:00:00', '14:00:00', 33, 1, 'Boxercise', 0, 55, 'closed', 0, NULL),
(339, '2017-10-12', '13:00:00', '14:00:00', 33, 1, 'Boxercise', 0, 55, 'closed', 0, NULL),
(340, '2017-10-19', '13:00:00', '14:00:00', 33, 1, 'Boxercise', 0, 55, 'closed', 0, NULL),
(341, '2017-09-14', '15:30:00', '16:30:00', 27, 1, 'Boxercise', 0, 55, 'closed', 0, NULL),
(342, '2017-09-21', '15:30:00', '16:30:00', 27, 1, 'Boxercise', 0, 55, 'closed', 0, NULL),
(343, '2017-09-28', '15:30:00', '16:30:00', 27, 1, 'Boxercise', 0, 55, 'closed', 0, NULL),
(344, '2017-10-05', '15:30:00', '16:30:00', 27, 1, 'Boxercise', 0, 55, 'closed', 0, NULL),
(345, '2017-10-12', '15:30:00', '16:30:00', 27, 1, 'Boxercise', 0, 55, 'closed', 0, NULL),
(346, '2017-10-19', '15:30:00', '16:30:00', 27, 1, 'Boxercise', 0, 55, 'closed', 0, NULL),
(347, '2017-09-15', '15:00:00', '16:00:00', 40, 1, 'Boxercise', 0, 55, 'closed', 0, NULL),
(348, '2017-09-22', '15:00:00', '16:00:00', 40, 1, 'Boxcercise', 0, 55, 'closed', 0, NULL),
(349, '2017-09-29', '15:00:00', '16:00:00', 40, 1, 'Boxcercise', 0, 55, 'closed', 0, NULL),
(350, '2017-10-06', '15:00:00', '16:00:00', 40, 1, 'Boxcercise', 0, 55, 'closed', 0, NULL),
(351, '2017-10-13', '15:00:00', '16:00:00', 40, 1, 'Boxcercise', 0, 55, 'closed', 0, NULL),
(352, '2017-10-20', '15:00:00', '16:00:00', 40, 1, 'Boxcercise', 0, 55, 'closed', 0, NULL),
(353, '2017-09-16', '15:30:00', '16:30:00', 37, 1, 'Boxercise', 0, 55, 'closed', 0, NULL),
(354, '2017-09-23', '15:30:00', '16:30:00', 37, 1, 'Boxercise', 0, 55, 'closed', 0, NULL),
(355, '2017-09-30', '15:30:00', '16:30:00', 37, 1, 'Boxercise', 0, 55, 'closed', 0, NULL),
(356, '2017-10-07', '15:30:00', '16:30:00', 37, 1, 'Boxercise', 0, 55, 'closed', 0, NULL),
(357, '2017-10-14', '15:30:00', '16:30:00', 37, 1, 'Boxercise', 0, 55, 'closed', 0, NULL),
(358, '2017-10-21', '15:30:00', '16:30:00', 37, 1, 'Boxercise', 0, 55, 'closed', 0, NULL),
(359, '2017-09-17', '14:00:00', '15:15:00', 34, 1, 'Boxercise', 0, 55, 'closed', 0, NULL),
(360, '2017-09-24', '14:00:00', '15:15:00', 34, 1, 'Boxercise', 0, 55, 'closed', 0, NULL),
(361, '2017-10-01', '14:00:00', '15:15:00', 34, 1, 'Boxercise', 0, 55, 'closed', 0, NULL),
(362, '2017-10-08', '14:00:00', '15:15:00', 34, 1, 'Boxercise', 0, 55, 'closed', 0, NULL),
(363, '2017-10-15', '14:00:00', '15:15:00', 34, 1, 'Boxercise', 0, 55, 'closed', 0, NULL),
(364, '2017-10-22', '14:00:00', '15:15:00', 34, 1, 'Boxercise', 0, 55, 'closed', 0, NULL),
(365, '2017-05-02', '19:00:00', '20:00:00', 54, 18, 'Athletics', 24, 125, 'planning', 0, NULL),
(366, '2017-05-04', '19:00:00', '20:00:00', 54, 18, 'Athletics', 20, 125, 'planning', 0, NULL),
(367, '2017-05-09', '19:00:00', '20:00:00', 54, 18, 'Athletics', 20, 125, 'planning', 0, NULL),
(368, '2017-05-11', '19:00:00', '20:00:00', 54, 18, 'Athletics', 20, 125, 'planning', 0, NULL),
(369, '2017-05-16', '19:00:00', '20:00:00', 54, 18, 'Athletics', 20, 125, 'planning', 0, NULL),
(370, '2017-05-18', '19:00:00', '20:00:00', 54, 18, 'Athletics', 24, 125, 'planning', 0, NULL),
(371, '2017-05-23', '19:00:00', '20:00:00', 54, 18, 'Athletics', 18, 125, 'planning', 0, NULL),
(372, '2017-05-25', '19:00:00', '20:00:00', 54, 18, 'Athletics', 20, 125, 'planning', 0, NULL),
(373, '2017-05-30', '19:00:00', '20:00:00', 54, 18, 'Athletics', 16, 125, 'planning', 0, NULL),
(374, '2017-06-01', '19:00:00', '20:00:00', 54, 18, 'Athletics', 14, 125, 'planning', 0, NULL),
(375, '2017-06-06', '19:00:00', '20:00:00', 54, 18, 'Athletics', 24, 125, 'planning', 0, NULL),
(376, '2017-06-08', '19:00:00', '20:00:00', 54, 18, 'Athletics', 20, 125, 'planning', 0, NULL),
(377, '2017-06-13', '19:00:00', '20:00:00', 54, 18, 'Athletics', 24, 125, 'planning', 0, NULL),
(378, '2017-06-15', '19:00:00', '20:00:00', 54, 18, 'Athletics', 20, 125, 'planning', 0, NULL),
(379, '2017-06-20', '19:00:00', '20:00:00', 54, 18, 'Athletics', 20, 125, 'planning', 0, NULL),
(380, '2017-06-22', '19:00:00', '20:00:00', 54, 18, 'Athletics', 20, 125, 'planning', 0, NULL),
(381, '2017-06-27', '19:00:00', '20:00:00', 54, 18, 'Athletics', 20, 125, 'planning', 0, NULL),
(382, '2017-06-29', '19:00:00', '20:00:00', 54, 18, 'Athletics', 24, 125, 'planning', 0, NULL),
(383, '2017-07-04', '19:00:00', '20:00:00', 54, 18, 'Athletics', 18, 125, 'planning', 0, NULL),
(384, '2017-07-06', '19:00:00', '20:00:00', 54, 18, 'Athletics', 20, 125, 'planning', 0, NULL),
(385, '2017-07-11', '19:00:00', '20:00:00', 54, 18, 'Athletics', 16, 125, 'planning', 0, NULL),
(386, '2017-07-13', '19:00:00', '20:00:00', 54, 18, 'Athletics', 14, 125, 'planning', 0, NULL),
(387, '2017-07-18', '19:00:00', '20:00:00', 54, 18, 'Athletics', 24, 125, 'planning', 0, NULL),
(388, '2017-07-20', '19:00:00', '20:00:00', 54, 18, 'Athletics', 20, 125, 'planning', 0, NULL),
(389, '2017-07-25', '19:00:00', '20:00:00', 54, 18, 'Athletics', 24, 125, 'planning', 0, NULL),
(390, '2017-07-27', '19:00:00', '20:00:00', 54, 18, 'Athletics', 20, 125, 'planning', 0, NULL),
(391, '2017-09-05', '19:00:00', '20:00:00', 54, 18, 'Athletics', 20, 125, 'planning', 0, NULL),
(392, '2017-09-07', '19:00:00', '20:00:00', 54, 18, 'Athletics', 20, 125, 'planning', 0, NULL),
(393, '2017-09-12', '19:00:00', '20:00:00', 54, 18, 'Athletics', 20, 125, 'planning', 0, NULL),
(394, '2017-09-14', '19:00:00', '20:00:00', 54, 18, 'Athletics', 24, 125, 'planning', 0, NULL),
(395, '2017-09-19', '19:00:00', '20:00:00', 54, 18, 'Athletics', 18, 125, 'planning', 0, NULL),
(396, '2017-09-21', '19:00:00', '20:00:00', 54, 18, 'Athletics', 20, 125, 'planning', 0, NULL),
(397, '2017-09-26', '19:00:00', '20:00:00', 54, 18, 'Athletics', 16, 125, 'planning', 0, NULL),
(398, '2017-09-28', '19:00:00', '20:00:00', 54, 18, 'Athletics', 14, 125, 'planning', 0, NULL),
(399, '2017-10-03', '19:00:00', '20:00:00', 54, 18, 'Athletics', 24, 125, 'planning', 0, NULL),
(400, '2017-10-05', '19:00:00', '20:00:00', 54, 18, 'Athletics', 24, 125, 'planning', 0, NULL),
(401, '2017-10-10', '19:00:00', '20:00:00', 54, 18, 'Athletics', 20, 125, 'planning', 0, NULL),
(402, '2017-10-12', '19:00:00', '20:00:00', 54, 18, 'Athletics', 20, 125, 'planning', 0, NULL),
(403, '2017-10-17', '19:00:00', '20:00:00', 54, 18, 'Athletics', 20, 125, 'planning', 0, NULL),
(404, '2017-10-19', '19:00:00', '20:00:00', 54, 18, 'Athletics', 20, 125, 'planning', 0, NULL),
(405, '2017-10-24', '19:00:00', '20:00:00', 54, 18, 'Athletics', 24, 125, 'planning', 0, NULL),
(406, '2017-10-26', '19:00:00', '20:00:00', 54, 18, 'Athletics', 18, 125, 'planning', 0, NULL),
(407, '2017-10-31', '19:00:00', '20:00:00', 54, 18, 'Athletics', 20, 125, 'planning', 0, NULL);

-- --------------------------------------------------------

--
-- Table structure for table `event_participants`
--

CREATE TABLE IF NOT EXISTS `event_participants` (
  `id_participants` int(11) NOT NULL AUTO_INCREMENT,
  `id_event` int(11) NOT NULL,
  `boys` int(11) NOT NULL,
  `girls` int(11) NOT NULL,
  `under14` int(11) NOT NULL,
  `14plus` int(11) NOT NULL,
  `bme` int(11) NOT NULL,
  `id_cohort` int(11) NOT NULL,
  PRIMARY KEY (`id_participants`)
) ENGINE=InnoDB  DEFAULT CHARSET=latin1 AUTO_INCREMENT=291 ;

--
-- Dumping data for table `event_participants`
--

INSERT INTO `event_participants` (`id_participants`, `id_event`, `boys`, `girls`, `under14`, `14plus`, `bme`, `id_cohort`) VALUES
(1, 43, 0, 30, 0, 30, 0, 1),
(2, 44, 0, 24, 12, 12, 24, 1),
(3, 45, 0, 25, 12, 13, 25, 1),
(4, 46, 0, 32, 16, 16, 32, 1),
(5, 47, 0, 18, 0, 18, 18, 1),
(6, 48, 0, 22, 11, 11, 11, 1),
(7, 49, 0, 405, 150, 265, 200, 1),
(8, 50, 0, 20, 10, 10, 20, 1),
(9, 51, 0, 20, 10, 10, 20, 1),
(10, 52, 0, 20, 10, 10, 20, 1),
(11, 53, 0, 20, 10, 10, 20, 1),
(12, 54, 0, 20, 10, 10, 10, 1),
(13, 55, 0, 0, 0, 0, 0, 1),
(14, 56, 0, 23, 14, 9, 0, 2),
(15, 57, 0, 23, 14, 9, 0, 2),
(16, 58, 0, 23, 14, 9, 0, 2),
(17, 59, 0, 23, 14, 9, 0, 2),
(18, 60, 0, 23, 14, 9, 0, 2),
(19, 61, 0, 23, 14, 9, 0, 2),
(20, 62, 0, 22, 22, 0, 0, 3),
(21, 63, 0, 22, 22, 0, 0, 3),
(22, 64, 0, 22, 22, 0, 0, 3),
(23, 65, 0, 22, 22, 0, 0, 3),
(24, 66, 0, 22, 22, 0, 0, 3),
(25, 67, 0, 22, 22, 0, 0, 3),
(26, 68, 0, 16, 16, 0, 16, 4),
(27, 69, 0, 16, 16, 0, 16, 4),
(28, 70, 0, 16, 16, 0, 16, 4),
(29, 71, 0, 16, 16, 0, 16, 4),
(30, 72, 0, 16, 16, 0, 16, 4),
(31, 73, 0, 16, 16, 0, 16, 4),
(32, 74, 0, 12, 10, 2, 12, 5),
(33, 75, 0, 12, 10, 2, 12, 5),
(34, 76, 0, 12, 10, 2, 12, 5),
(35, 77, 0, 12, 10, 2, 12, 5),
(36, 78, 0, 12, 10, 2, 12, 5),
(37, 79, 0, 12, 10, 2, 12, 5),
(38, 80, 0, 14, 8, 6, 0, 6),
(39, 81, 0, 14, 8, 6, 0, 6),
(40, 82, 0, 14, 8, 6, 0, 6),
(41, 83, 0, 14, 8, 6, 0, 6),
(42, 84, 0, 14, 8, 6, 0, 6),
(43, 85, 0, 14, 8, 6, 0, 6),
(44, 86, 0, 26, 0, 26, 26, 7),
(45, 87, 0, 26, 0, 26, 26, 7),
(46, 88, 0, 26, 0, 26, 26, 7),
(47, 89, 0, 26, 0, 26, 26, 7),
(48, 90, 0, 26, 0, 26, 26, 7),
(49, 91, 0, 26, 0, 26, 26, 7),
(50, 109, 0, 36, 25, 11, 0, 8),
(51, 110, 0, 36, 25, 11, 0, 8),
(52, 111, 0, 36, 25, 11, 0, 8),
(53, 112, 0, 36, 25, 11, 0, 8),
(54, 113, 0, 36, 25, 11, 0, 8),
(55, 114, 0, 36, 25, 11, 0, 8),
(56, 115, 0, 36, 25, 11, 0, 8),
(57, 116, 0, 36, 25, 11, 0, 8),
(58, 117, 0, 30, 10, 20, 0, 9),
(59, 118, 0, 30, 10, 20, 0, 9),
(60, 119, 0, 30, 10, 20, 0, 9),
(61, 120, 0, 30, 10, 20, 0, 9),
(62, 121, 0, 30, 10, 20, 0, 9),
(63, 122, 0, 30, 10, 20, 0, 9),
(64, 123, 0, 30, 10, 20, 0, 9),
(65, 124, 0, 30, 10, 20, 0, 9),
(66, 125, 0, 25, 0, 25, 0, 10),
(67, 126, 0, 25, 0, 25, 0, 10),
(68, 127, 0, 25, 0, 25, 0, 10),
(69, 128, 0, 25, 0, 25, 0, 10),
(70, 129, 0, 25, 0, 25, 0, 10),
(71, 130, 0, 25, 0, 25, 0, 10),
(72, 131, 0, 25, 0, 25, 0, 10),
(73, 132, 0, 25, 0, 25, 0, 10),
(74, 133, 0, 32, 32, 0, 16, 11),
(75, 134, 0, 32, 32, 0, 16, 11),
(76, 135, 0, 32, 32, 0, 16, 11),
(77, 136, 0, 32, 32, 0, 16, 11),
(78, 137, 0, 32, 32, 0, 16, 11),
(79, 138, 0, 32, 32, 0, 16, 11),
(80, 139, 0, 32, 32, 0, 16, 11),
(81, 140, 0, 32, 32, 0, 16, 11),
(82, 141, 0, 30, 8, 22, 12, 12),
(83, 142, 0, 30, 8, 22, 12, 12),
(84, 143, 0, 30, 8, 22, 12, 12),
(85, 144, 0, 30, 8, 22, 12, 12),
(86, 145, 0, 30, 8, 22, 12, 12),
(87, 146, 0, 30, 8, 22, 12, 12),
(88, 147, 0, 30, 8, 22, 12, 12),
(89, 148, 0, 28, 18, 10, 28, 13),
(90, 149, 0, 28, 18, 10, 28, 13),
(91, 150, 0, 28, 18, 10, 28, 13),
(92, 151, 0, 28, 18, 10, 28, 13),
(93, 152, 0, 28, 18, 10, 28, 13),
(94, 153, 0, 28, 18, 10, 28, 13),
(95, 154, 0, 28, 18, 10, 28, 13),
(96, 155, 0, 30, 15, 15, 24, 14),
(97, 156, 0, 30, 15, 15, 24, 14),
(98, 157, 0, 30, 15, 15, 24, 14),
(99, 158, 0, 30, 15, 15, 24, 14),
(100, 159, 0, 30, 15, 15, 24, 14),
(101, 160, 0, 30, 15, 15, 24, 14),
(102, 161, 0, 30, 15, 15, 24, 14),
(103, 162, 0, 35, 20, 15, 0, 15),
(104, 163, 0, 35, 20, 15, 0, 15),
(105, 164, 0, 35, 20, 15, 0, 15),
(106, 165, 0, 35, 20, 15, 0, 15),
(107, 166, 0, 35, 20, 15, 0, 15),
(108, 167, 0, 35, 20, 15, 0, 15),
(109, 168, 0, 35, 20, 15, 0, 15),
(110, 169, 0, 40, 0, 40, 40, 16),
(111, 170, 0, 40, 0, 40, 40, 16),
(112, 171, 0, 40, 0, 40, 40, 16),
(113, 172, 0, 40, 0, 40, 40, 16),
(114, 173, 0, 40, 0, 40, 40, 16),
(115, 174, 0, 40, 0, 40, 40, 16),
(116, 175, 0, 40, 0, 40, 40, 16),
(117, 176, 0, 36, 36, 0, 36, 17),
(118, 177, 0, 36, 36, 0, 36, 17),
(119, 178, 0, 36, 36, 0, 36, 17),
(120, 179, 0, 36, 36, 0, 36, 17),
(121, 180, 0, 36, 36, 0, 36, 17),
(122, 181, 0, 36, 36, 0, 36, 17),
(123, 182, 0, 36, 36, 0, 36, 17),
(124, 206, 0, 28, 18, 10, 28, 19),
(125, 207, 0, 28, 18, 10, 28, 19),
(126, 208, 0, 28, 18, 10, 28, 19),
(127, 209, 0, 28, 18, 10, 28, 19),
(128, 210, 0, 28, 18, 10, 28, 19),
(129, 197, 0, 35, 20, 15, 0, 18),
(130, 198, 0, 35, 20, 15, 0, 18),
(131, 199, 0, 35, 20, 15, 0, 18),
(132, 200, 0, 35, 20, 15, 0, 18),
(133, 201, 0, 35, 20, 15, 0, 18),
(134, 202, 0, 20, 5, 15, 0, 20),
(135, 203, 0, 20, 5, 15, 0, 20),
(136, 204, 0, 20, 5, 15, 0, 20),
(137, 205, 0, 20, 5, 15, 0, 20),
(138, 211, 0, 26, 20, 6, 0, 21),
(139, 212, 0, 26, 20, 6, 0, 21),
(140, 213, 0, 26, 20, 6, 0, 21),
(141, 214, 0, 26, 20, 6, 0, 21),
(142, 215, 0, 25, 0, 25, 0, 22),
(143, 216, 0, 25, 0, 25, 0, 22),
(144, 217, 0, 25, 0, 25, 0, 22),
(145, 218, 0, 25, 0, 25, 0, 22),
(146, 215, 0, 32, 32, 0, 16, 23),
(147, 216, 0, 32, 32, 0, 16, 23),
(148, 217, 0, 32, 32, 0, 16, 23),
(149, 218, 0, 32, 32, 0, 16, 23),
(150, 238, 13, 7, 7, 13, 4, 0),
(151, 240, 64, 34, 98, 0, 85, 24),
(152, 239, 60, 68, 128, 0, 40, 25),
(153, 250, 66, 41, 107, 0, 87, 28),
(154, 251, 44, 59, 103, 0, 53, 27),
(155, 263, 69, 46, 115, 0, 78, 31),
(156, 264, 44, 38, 82, 0, 59, 30),
(157, 242, 64, 34, 98, 0, 85, 24),
(158, 243, 60, 68, 128, 0, 40, 25),
(159, 253, 66, 41, 107, 0, 87, 28),
(160, 252, 44, 59, 103, 0, 53, 27),
(161, 266, 69, 46, 115, 0, 78, 31),
(162, 265, 44, 38, 82, 0, 59, 30),
(163, 244, 60, 68, 128, 0, 40, 25),
(164, 245, 64, 34, 98, 0, 85, 24),
(165, 255, 44, 59, 103, 0, 53, 27),
(166, 254, 66, 41, 107, 0, 87, 28),
(167, 268, 69, 46, 115, 0, 78, 31),
(168, 267, 44, 38, 82, 0, 59, 30),
(169, 247, 60, 68, 128, 0, 40, 25),
(170, 246, 66, 41, 107, 0, 87, 28),
(171, 256, 44, 59, 103, 0, 53, 27),
(172, 257, 66, 41, 107, 0, 87, 28),
(173, 269, 69, 46, 115, 0, 78, 31),
(174, 270, 44, 38, 82, 0, 59, 30),
(175, 249, 124, 102, 226, 0, 125, 24),
(176, 258, 66, 41, 107, 0, 87, 28),
(177, 259, 44, 59, 103, 0, 53, 27),
(178, 272, 44, 38, 82, 0, 59, 30),
(179, 271, 69, 46, 115, 0, 78, 31),
(180, 261, 44, 59, 103, 0, 53, 27),
(181, 260, 66, 41, 107, 0, 87, 28),
(182, 274, 69, 46, 115, 0, 78, 31),
(183, 273, 44, 38, 82, 0, 59, 30),
(184, 262, 110, 100, 210, 0, 140, 27),
(185, 275, 113, 84, 137, 0, 197, 30),
(186, 276, 4, 6, 5, 5, 4, 0),
(187, 305, 0, 23, 14, 9, 0, 2),
(188, 306, 0, 23, 14, 9, 0, 2),
(189, 307, 0, 23, 14, 9, 0, 2),
(190, 308, 0, 22, 22, 0, 0, 3),
(191, 309, 0, 22, 22, 0, 0, 3),
(192, 310, 0, 22, 22, 0, 0, 3),
(193, 311, 0, 22, 22, 0, 0, 3),
(194, 312, 0, 22, 22, 0, 0, 3),
(195, 313, 0, 22, 22, 0, 0, 3),
(196, 314, 0, 16, 16, 0, 16, 4),
(197, 315, 0, 16, 16, 0, 16, 4),
(198, 316, 0, 30, 0, 30, 0, 1),
(199, 317, 0, 24, 12, 12, 24, 1),
(200, 318, 0, 25, 12, 13, 25, 1),
(201, 319, 0, 32, 16, 16, 32, 1),
(202, 320, 0, 18, 0, 18, 18, 1),
(203, 321, 0, 22, 11, 11, 11, 1),
(204, 322, 0, 405, 150, 265, 200, 1),
(205, 323, 0, 20, 10, 10, 20, 1),
(206, 324, 0, 20, 10, 10, 20, 1),
(207, 325, 0, 20, 10, 10, 20, 1),
(208, 326, 0, 20, 10, 10, 20, 1),
(209, 327, 0, 20, 10, 10, 10, 1),
(210, 328, 0, 0, 0, 0, 0, 1),
(211, 329, 0, 23, 14, 9, 0, 2),
(212, 330, 0, 23, 14, 9, 0, 2),
(213, 331, 0, 23, 14, 9, 0, 2),
(214, 332, 0, 23, 14, 9, 0, 2),
(215, 333, 0, 23, 14, 9, 0, 2),
(216, 334, 0, 23, 14, 9, 0, 2),
(217, 335, 0, 22, 22, 0, 0, 3),
(218, 336, 0, 22, 22, 0, 0, 3),
(219, 337, 0, 22, 22, 0, 0, 3),
(220, 338, 0, 22, 22, 0, 0, 3),
(221, 339, 0, 22, 22, 0, 0, 3),
(222, 340, 0, 22, 22, 0, 0, 3),
(223, 341, 0, 16, 16, 0, 16, 4),
(224, 342, 0, 16, 16, 0, 16, 4),
(225, 343, 0, 16, 16, 0, 16, 4),
(226, 344, 0, 16, 16, 0, 16, 4),
(227, 345, 0, 16, 16, 0, 16, 4),
(228, 346, 0, 16, 16, 0, 16, 4),
(229, 347, 0, 12, 10, 2, 12, 5),
(230, 348, 0, 12, 10, 2, 12, 5),
(231, 349, 0, 12, 10, 2, 12, 5),
(232, 350, 0, 12, 10, 2, 12, 5),
(233, 351, 0, 12, 10, 2, 12, 5),
(234, 352, 0, 12, 10, 2, 12, 5),
(235, 353, 0, 14, 8, 6, 0, 6),
(236, 354, 0, 14, 8, 6, 0, 6),
(237, 355, 0, 14, 8, 6, 0, 6),
(238, 356, 0, 14, 8, 6, 0, 6),
(239, 357, 0, 14, 8, 6, 0, 6),
(240, 358, 0, 14, 8, 6, 0, 6),
(241, 359, 0, 26, 0, 26, 26, 7),
(242, 360, 0, 26, 0, 26, 26, 7),
(243, 361, 0, 26, 0, 26, 26, 7),
(244, 362, 0, 26, 0, 26, 26, 7),
(245, 363, 0, 26, 0, 26, 26, 7),
(246, 364, 0, 26, 0, 26, 26, 7),
(247, 365, 6, 9, 0, 15, 10, 2),
(248, 366, 6, 9, 0, 15, 10, 2),
(249, 366, 6, 9, 0, 15, 10, 2),
(250, 367, 6, 9, 0, 15, 10, 2),
(251, 368, 6, 9, 0, 15, 10, 2),
(252, 369, 6, 9, 0, 15, 10, 2),
(253, 370, 6, 9, 0, 15, 10, 2),
(254, 371, 6, 9, 0, 15, 10, 2),
(255, 372, 6, 9, 0, 15, 10, 2),
(256, 373, 6, 9, 0, 15, 10, 2),
(257, 374, 6, 9, 0, 15, 10, 2),
(258, 375, 6, 9, 0, 15, 10, 2),
(259, 376, 6, 9, 0, 15, 10, 2),
(260, 377, 6, 9, 0, 15, 10, 2),
(261, 378, 6, 9, 0, 15, 10, 2),
(262, 379, 6, 9, 0, 15, 10, 2),
(263, 380, 6, 9, 0, 15, 10, 2),
(264, 381, 6, 9, 0, 15, 10, 2),
(265, 382, 6, 9, 0, 15, 10, 2),
(266, 383, 6, 9, 0, 15, 10, 2),
(267, 384, 6, 9, 0, 15, 10, 2),
(268, 385, 6, 9, 0, 15, 10, 2),
(269, 386, 6, 9, 0, 15, 10, 2),
(270, 387, 6, 9, 0, 15, 10, 2),
(271, 388, 6, 9, 0, 15, 10, 2),
(272, 389, 6, 9, 0, 15, 10, 2),
(273, 390, 6, 9, 0, 15, 10, 2),
(274, 391, 6, 9, 0, 15, 10, 2),
(275, 392, 6, 9, 0, 15, 10, 2),
(276, 393, 6, 9, 0, 15, 10, 2),
(277, 394, 6, 9, 0, 15, 10, 2),
(278, 395, 6, 9, 0, 15, 10, 2),
(279, 396, 6, 9, 0, 15, 10, 2),
(280, 397, 6, 9, 0, 15, 10, 2),
(281, 398, 6, 9, 0, 15, 10, 2),
(282, 399, 6, 9, 0, 15, 10, 2),
(283, 400, 6, 9, 0, 15, 10, 2),
(284, 401, 6, 9, 0, 15, 10, 2),
(285, 402, 6, 9, 0, 15, 10, 2),
(286, 403, 6, 9, 0, 15, 10, 2),
(287, 404, 6, 9, 0, 15, 10, 2),
(288, 405, 6, 9, 0, 15, 10, 2),
(289, 406, 6, 9, 0, 15, 10, 2),
(290, 407, 6, 9, 0, 15, 10, 2);

-- --------------------------------------------------------

--
-- Table structure for table `event_yp`
--

CREATE TABLE IF NOT EXISTS `event_yp` (
  `id_eventyp` int(11) NOT NULL AUTO_INCREMENT,
  `id_event` int(11) NOT NULL,
  `id_yp` int(11) NOT NULL,
  `attended` int(11) NOT NULL,
  PRIMARY KEY (`id_eventyp`)
) ENGINE=InnoDB  DEFAULT CHARSET=latin1 AUTO_INCREMENT=1461 ;

--
-- Dumping data for table `event_yp`
--

INSERT INTO `event_yp` (`id_eventyp`, `id_event`, `id_yp`, `attended`) VALUES
(11, 8, 1, 1),
(12, 8, 2, 0),
(13, 8, 3, 0),
(14, 8, 4, 0),
(15, 8, 7, 0),
(16, 11, 2, 0),
(17, 11, 4, 0),
(18, 11, 7, 0),
(19, 11, 7, 0),
(20, 12, 3, 0),
(21, 12, 4, 0),
(22, 12, 7, 0),
(23, 12, 8, 0),
(24, 12, 0, 0),
(26, 30, 20, 1),
(27, 30, 19, 1),
(28, 30, 32, 1),
(29, 30, 25, 1),
(30, 30, 24, 1),
(31, 30, 23, 1),
(32, 30, 16, 1),
(34, 30, 17, 1),
(35, 30, 18, 1),
(36, 30, 21, 1),
(37, 30, 26, 1),
(38, 30, 28, 1),
(39, 30, 27, 1),
(40, 30, 29, 1),
(41, 30, 31, 1),
(42, 30, 22, 1),
(43, 30, 33, 1),
(44, 30, 30, 1),
(45, 30, 34, 1),
(46, 92, 1, 1),
(47, 93, 35, 1),
(48, 93, 36, 1),
(49, 93, 37, 1),
(50, 93, 38, 1),
(51, 93, 39, 1),
(52, 93, 40, 1),
(53, 93, 41, 1),
(54, 93, 42, 1),
(55, 93, 43, 1),
(56, 93, 44, 1),
(57, 93, 45, 1),
(58, 93, 46, 1),
(59, 93, 47, 1),
(60, 93, 48, 1),
(61, 93, 49, 1),
(62, 93, 50, 1),
(63, 93, 51, 1),
(64, 94, 35, 1),
(65, 94, 36, 1),
(66, 94, 37, 1),
(67, 94, 38, 1),
(68, 94, 39, 1),
(69, 94, 40, 1),
(70, 94, 41, 1),
(71, 94, 42, 1),
(72, 94, 43, 1),
(73, 94, 44, 1),
(74, 94, 45, 1),
(75, 94, 46, 1),
(76, 94, 47, 1),
(77, 94, 48, 1),
(78, 94, 49, 1),
(79, 94, 50, 1),
(80, 94, 51, 1),
(81, 95, 35, 1),
(82, 95, 36, 1),
(83, 95, 37, 1),
(84, 95, 38, 1),
(85, 95, 39, 1),
(86, 95, 40, 1),
(87, 95, 41, 1),
(88, 95, 42, 1),
(89, 95, 43, 1),
(90, 95, 44, 1),
(91, 95, 45, 1),
(92, 95, 46, 1),
(93, 95, 47, 1),
(94, 95, 48, 1),
(95, 95, 49, 1),
(96, 95, 50, 1),
(97, 95, 51, 1),
(98, 96, 35, 1),
(99, 96, 36, 1),
(100, 96, 37, 1),
(101, 96, 38, 1),
(102, 96, 39, 1),
(103, 96, 40, 1),
(104, 96, 41, 1),
(105, 96, 42, 1),
(106, 96, 43, 1),
(107, 96, 44, 1),
(108, 96, 45, 1),
(109, 96, 46, 1),
(110, 96, 47, 1),
(111, 96, 48, 1),
(112, 96, 49, 1),
(113, 96, 50, 1),
(114, 96, 51, 1),
(115, 97, 35, 1),
(116, 97, 36, 1),
(117, 97, 37, 1),
(118, 97, 38, 1),
(119, 97, 39, 1),
(120, 97, 40, 1),
(121, 97, 41, 1),
(122, 97, 42, 1),
(123, 97, 43, 1),
(124, 97, 44, 1),
(125, 97, 45, 1),
(126, 97, 46, 1),
(127, 97, 47, 1),
(128, 97, 48, 1),
(129, 97, 49, 1),
(130, 97, 50, 1),
(131, 97, 51, 1),
(132, 98, 35, 1),
(133, 98, 36, 1),
(134, 98, 37, 1),
(135, 98, 38, 1),
(136, 98, 39, 1),
(137, 98, 40, 1),
(138, 98, 41, 1),
(139, 98, 42, 1),
(140, 98, 43, 1),
(141, 98, 44, 1),
(142, 98, 45, 1),
(143, 98, 46, 1),
(144, 98, 47, 1),
(145, 98, 48, 1),
(146, 98, 49, 1),
(147, 98, 50, 1),
(148, 98, 51, 1),
(149, 99, 16, 1),
(150, 99, 17, 1),
(151, 99, 18, 1),
(152, 99, 21, 1),
(153, 99, 22, 1),
(154, 99, 24, 1),
(155, 99, 25, 1),
(156, 99, 26, 1),
(157, 99, 27, 1),
(158, 99, 28, 1),
(159, 99, 29, 1),
(160, 99, 30, 1),
(161, 99, 32, 1),
(162, 99, 34, 1),
(163, 99, 52, 1),
(164, 99, 53, 1),
(165, 99, 54, 1),
(166, 99, 55, 1),
(167, 99, 56, 1),
(168, 99, 57, 1),
(169, 99, 58, 1),
(170, 99, 59, 1),
(171, 99, 60, 1),
(172, 99, 61, 1),
(173, 99, 62, 1),
(174, 99, 63, 1),
(175, 99, 64, 1),
(176, 100, 16, 1),
(177, 100, 17, 1),
(178, 100, 18, 1),
(179, 100, 21, 1),
(180, 100, 22, 1),
(181, 100, 24, 1),
(182, 100, 25, 1),
(183, 100, 26, 1),
(184, 100, 27, 1),
(185, 100, 28, 1),
(186, 100, 29, 1),
(187, 100, 30, 1),
(188, 100, 32, 1),
(189, 100, 34, 1),
(190, 100, 52, 1),
(191, 100, 53, 1),
(192, 100, 54, 1),
(193, 100, 55, 1),
(194, 100, 56, 1),
(195, 100, 57, 1),
(196, 100, 58, 1),
(197, 100, 59, 1),
(198, 100, 60, 1),
(199, 100, 61, 1),
(200, 100, 62, 1),
(201, 100, 63, 1),
(202, 100, 64, 1),
(203, 101, 16, 1),
(204, 101, 17, 1),
(205, 101, 18, 1),
(206, 101, 21, 1),
(207, 101, 22, 1),
(208, 101, 24, 1),
(209, 101, 25, 1),
(210, 101, 26, 1),
(211, 101, 27, 1),
(212, 101, 28, 1),
(213, 101, 29, 1),
(214, 101, 30, 1),
(215, 101, 32, 1),
(216, 101, 34, 1),
(217, 101, 52, 1),
(218, 101, 53, 1),
(219, 101, 54, 1),
(220, 101, 55, 1),
(221, 101, 56, 1),
(222, 101, 57, 1),
(223, 101, 58, 1),
(224, 101, 59, 1),
(225, 101, 60, 1),
(226, 101, 61, 1),
(227, 101, 62, 1),
(228, 101, 63, 1),
(229, 101, 64, 1),
(230, 102, 16, 1),
(231, 102, 17, 1),
(232, 102, 18, 1),
(233, 102, 21, 1),
(234, 102, 22, 1),
(235, 102, 24, 1),
(236, 102, 25, 1),
(237, 102, 26, 1),
(238, 102, 27, 1),
(239, 102, 28, 1),
(240, 102, 29, 1),
(241, 102, 30, 1),
(242, 102, 32, 1),
(243, 102, 34, 1),
(244, 102, 52, 1),
(245, 102, 53, 1),
(246, 102, 54, 1),
(247, 102, 55, 1),
(248, 102, 56, 1),
(249, 102, 57, 1),
(250, 102, 58, 1),
(251, 102, 59, 1),
(252, 102, 60, 1),
(253, 102, 61, 1),
(254, 102, 62, 1),
(255, 102, 63, 1),
(256, 102, 64, 1),
(257, 103, 16, 1),
(258, 103, 17, 1),
(259, 103, 18, 1),
(260, 103, 21, 1),
(261, 103, 22, 1),
(262, 103, 24, 1),
(263, 103, 25, 1),
(264, 103, 26, 1),
(265, 103, 27, 1),
(266, 103, 28, 1),
(267, 103, 29, 1),
(268, 103, 30, 1),
(269, 103, 32, 1),
(270, 103, 34, 1),
(271, 103, 52, 1),
(272, 103, 53, 1),
(273, 103, 54, 1),
(274, 103, 55, 1),
(275, 103, 56, 1),
(276, 103, 57, 1),
(277, 103, 58, 1),
(278, 103, 59, 1),
(279, 103, 60, 1),
(280, 103, 61, 1),
(281, 103, 62, 1),
(282, 103, 63, 1),
(283, 103, 64, 1),
(284, 104, 16, 1),
(285, 104, 17, 1),
(286, 104, 18, 1),
(287, 104, 21, 1),
(288, 104, 22, 1),
(289, 104, 24, 1),
(290, 104, 25, 1),
(291, 104, 26, 1),
(292, 104, 27, 1),
(293, 104, 28, 1),
(294, 104, 29, 1),
(295, 104, 30, 1),
(296, 104, 32, 1),
(297, 104, 34, 1),
(298, 104, 52, 1),
(299, 104, 53, 1),
(300, 104, 54, 1),
(301, 104, 55, 1),
(302, 104, 56, 1),
(303, 104, 57, 1),
(304, 104, 58, 1),
(305, 104, 59, 1),
(306, 104, 60, 1),
(307, 104, 61, 1),
(308, 104, 62, 1),
(309, 104, 63, 1),
(310, 104, 64, 1),
(311, 105, 16, 1),
(312, 105, 17, 1),
(313, 105, 18, 1),
(314, 105, 21, 1),
(315, 105, 22, 1),
(316, 105, 24, 1),
(317, 105, 25, 1),
(318, 105, 26, 1),
(319, 105, 27, 1),
(320, 105, 28, 1),
(321, 105, 29, 1),
(322, 105, 30, 1),
(323, 105, 32, 1),
(324, 105, 34, 1),
(325, 105, 52, 1),
(326, 105, 53, 1),
(327, 105, 54, 1),
(328, 105, 55, 1),
(329, 105, 56, 1),
(330, 105, 57, 1),
(331, 105, 58, 1),
(332, 105, 59, 1),
(333, 105, 60, 1),
(334, 105, 61, 1),
(335, 105, 62, 1),
(336, 105, 63, 1),
(337, 105, 64, 1),
(338, 106, 16, 1),
(339, 106, 17, 1),
(340, 106, 18, 1),
(341, 106, 21, 1),
(342, 106, 22, 1),
(343, 106, 24, 1),
(344, 106, 25, 1),
(345, 106, 26, 1),
(346, 106, 27, 1),
(347, 106, 28, 1),
(348, 106, 29, 1),
(349, 106, 30, 1),
(350, 106, 32, 1),
(351, 106, 34, 1),
(352, 106, 52, 1),
(353, 106, 53, 1),
(354, 106, 54, 1),
(355, 106, 55, 1),
(356, 106, 56, 1),
(357, 106, 57, 1),
(358, 106, 58, 1),
(359, 106, 59, 1),
(360, 106, 60, 1),
(361, 106, 61, 1),
(362, 106, 62, 1),
(363, 106, 63, 1),
(364, 106, 64, 1),
(365, 14, 70, 1),
(366, 14, 69, 1),
(367, 14, 67, 1),
(368, 14, 66, 1),
(369, 14, 68, 1),
(370, 14, 65, 1),
(371, 15, 70, 1),
(372, 15, 69, 1),
(373, 15, 67, 1),
(374, 15, 66, 1),
(375, 15, 68, 1),
(376, 15, 65, 1),
(377, 16, 72, 1),
(378, 16, 70, 1),
(379, 16, 69, 1),
(380, 16, 67, 1),
(381, 16, 80, 1),
(382, 16, 68, 1),
(383, 16, 71, 1),
(384, 17, 72, 1),
(385, 17, 70, 1),
(386, 17, 76, 1),
(387, 17, 74, 1),
(388, 17, 69, 1),
(389, 17, 67, 1),
(390, 17, 75, 1),
(391, 17, 73, 1),
(392, 17, 66, 1),
(393, 17, 68, 1),
(394, 17, 77, 1),
(395, 17, 71, 1),
(396, 17, 89, 1),
(397, 17, 91, 1),
(398, 17, 88, 1),
(399, 17, 86, 1),
(400, 17, 90, 1),
(401, 17, 87, 1),
(402, 17, 92, 1),
(403, 18, 72, 1),
(404, 18, 92, 1),
(405, 18, 70, 1),
(406, 18, 76, 1),
(407, 18, 91, 1),
(408, 18, 88, 1),
(409, 18, 74, 1),
(410, 18, 86, 1),
(411, 18, 69, 1),
(412, 18, 67, 1),
(413, 18, 75, 1),
(414, 18, 90, 1),
(415, 18, 87, 1),
(416, 18, 73, 1),
(417, 18, 66, 1),
(418, 18, 68, 1),
(419, 18, 77, 1),
(420, 18, 71, 1),
(421, 19, 72, 1),
(422, 19, 92, 1),
(423, 19, 70, 1),
(424, 19, 76, 1),
(425, 19, 91, 1),
(426, 19, 88, 1),
(427, 19, 74, 1),
(428, 19, 86, 1),
(429, 19, 69, 1),
(430, 19, 67, 1),
(431, 19, 75, 1),
(432, 19, 90, 1),
(433, 19, 87, 1),
(434, 19, 73, 1),
(435, 19, 68, 1),
(436, 19, 77, 1),
(437, 19, 71, 1),
(438, 14, 89, 1),
(439, 16, 89, 1),
(440, 16, 86, 1),
(441, 15, 89, 1),
(442, 223, 16, 1),
(443, 223, 17, 1),
(444, 223, 18, 1),
(445, 223, 21, 1),
(446, 223, 22, 1),
(447, 223, 24, 1),
(448, 223, 25, 1),
(449, 223, 26, 1),
(450, 223, 27, 1),
(451, 223, 29, 1),
(452, 223, 30, 1),
(453, 223, 32, 1),
(454, 223, 34, 1),
(455, 223, 52, 1),
(456, 223, 53, 1),
(457, 223, 54, 1),
(458, 223, 55, 1),
(459, 223, 56, 1),
(460, 223, 57, 1),
(461, 223, 58, 1),
(462, 223, 59, 1),
(463, 223, 60, 1),
(464, 223, 61, 1),
(465, 223, 62, 1),
(466, 223, 63, 1),
(467, 223, 64, 1),
(468, 224, 16, 1),
(469, 224, 17, 1),
(470, 224, 18, 1),
(471, 224, 21, 1),
(472, 224, 22, 1),
(473, 224, 24, 1),
(474, 224, 25, 1),
(475, 224, 26, 1),
(476, 224, 27, 1),
(477, 224, 29, 1),
(478, 224, 30, 1),
(479, 224, 32, 1),
(480, 224, 34, 1),
(481, 224, 52, 1),
(482, 224, 53, 1),
(483, 224, 54, 1),
(484, 224, 55, 1),
(485, 224, 56, 1),
(486, 224, 57, 1),
(487, 224, 58, 1),
(488, 224, 59, 1),
(489, 224, 60, 1),
(490, 224, 61, 1),
(491, 224, 62, 1),
(492, 224, 63, 1),
(493, 224, 64, 1),
(494, 225, 16, 1),
(495, 225, 17, 1),
(496, 225, 18, 1),
(497, 225, 21, 1),
(498, 225, 22, 1),
(499, 225, 24, 1),
(500, 225, 25, 1),
(501, 225, 26, 1),
(502, 225, 27, 1),
(503, 225, 29, 1),
(504, 225, 30, 1),
(505, 225, 32, 1),
(506, 225, 34, 1),
(507, 225, 52, 1),
(508, 225, 53, 1),
(509, 225, 54, 1),
(510, 225, 55, 1),
(511, 225, 56, 1),
(512, 225, 57, 1),
(513, 225, 58, 1),
(514, 225, 59, 1),
(515, 225, 60, 1),
(516, 225, 61, 1),
(517, 225, 62, 1),
(518, 225, 63, 1),
(519, 225, 64, 1),
(520, 226, 16, 1),
(521, 226, 17, 1),
(522, 226, 18, 1),
(523, 226, 21, 1),
(524, 226, 22, 1),
(525, 226, 24, 1),
(526, 226, 25, 1),
(527, 226, 26, 1),
(528, 226, 27, 1),
(529, 226, 29, 1),
(530, 226, 30, 1),
(531, 226, 32, 1),
(532, 226, 34, 1),
(533, 226, 52, 1),
(534, 226, 53, 1),
(535, 226, 54, 1),
(536, 226, 55, 1),
(537, 226, 56, 1),
(538, 226, 57, 1),
(539, 226, 58, 1),
(540, 226, 59, 1),
(541, 226, 60, 1),
(542, 226, 61, 1),
(543, 226, 62, 1),
(544, 226, 63, 1),
(545, 226, 64, 1),
(546, 227, 16, 1),
(547, 227, 17, 1),
(548, 227, 18, 1),
(549, 227, 21, 1),
(550, 227, 22, 1),
(551, 227, 24, 1),
(552, 227, 25, 1),
(553, 227, 26, 1),
(554, 227, 27, 1),
(555, 227, 29, 1),
(556, 227, 30, 1),
(557, 227, 32, 1),
(558, 227, 34, 1),
(559, 227, 52, 1),
(560, 227, 53, 1),
(561, 227, 54, 1),
(562, 227, 55, 1),
(563, 227, 56, 1),
(564, 227, 57, 1),
(565, 227, 58, 1),
(566, 227, 59, 1),
(567, 227, 60, 1),
(568, 227, 61, 1),
(569, 227, 62, 1),
(570, 227, 63, 1),
(571, 227, 64, 1),
(572, 228, 16, 1),
(573, 228, 17, 1),
(574, 228, 18, 1),
(575, 228, 21, 1),
(576, 228, 22, 1),
(577, 228, 24, 1),
(578, 228, 25, 1),
(579, 228, 26, 1),
(580, 228, 27, 1),
(581, 228, 29, 1),
(582, 228, 30, 1),
(583, 228, 32, 1),
(584, 228, 34, 1),
(585, 228, 52, 1),
(586, 228, 53, 1),
(587, 228, 54, 1),
(588, 228, 55, 1),
(589, 228, 56, 1),
(590, 228, 57, 1),
(591, 228, 58, 1),
(592, 228, 59, 1),
(593, 228, 60, 1),
(594, 228, 61, 1),
(595, 228, 62, 1),
(596, 228, 63, 1),
(597, 228, 64, 1),
(598, 229, 16, 1),
(599, 229, 17, 1),
(600, 229, 18, 1),
(601, 229, 21, 1),
(602, 229, 22, 1),
(603, 229, 24, 1),
(604, 229, 25, 1),
(605, 229, 26, 1),
(606, 229, 27, 1),
(607, 229, 29, 1),
(608, 229, 30, 1),
(609, 229, 32, 1),
(610, 229, 34, 1),
(611, 229, 52, 1),
(612, 229, 53, 1),
(613, 229, 54, 1),
(614, 229, 55, 1),
(615, 229, 56, 1),
(616, 229, 57, 1),
(617, 229, 58, 1),
(618, 229, 59, 1),
(619, 229, 60, 1),
(620, 229, 61, 1),
(621, 229, 62, 1),
(622, 229, 63, 1),
(623, 229, 64, 1),
(624, 230, 16, 1),
(625, 230, 17, 1),
(626, 230, 18, 1),
(627, 230, 21, 1),
(628, 230, 22, 1),
(629, 230, 24, 1),
(630, 230, 25, 1),
(631, 230, 26, 1),
(632, 230, 27, 1),
(633, 230, 29, 1),
(634, 230, 30, 1),
(635, 230, 32, 1),
(636, 230, 34, 1),
(637, 230, 52, 1),
(638, 230, 53, 1),
(639, 230, 54, 1),
(640, 230, 55, 1),
(641, 230, 56, 1),
(642, 230, 57, 1),
(643, 230, 58, 1),
(644, 230, 59, 1),
(645, 230, 60, 1),
(646, 230, 61, 1),
(647, 230, 62, 1),
(648, 230, 63, 1),
(649, 230, 64, 1),
(650, 231, 16, 1),
(651, 231, 17, 1),
(652, 231, 18, 1),
(653, 231, 21, 1),
(654, 231, 22, 1),
(655, 231, 24, 1),
(656, 231, 25, 1),
(657, 231, 26, 1),
(658, 231, 27, 1),
(659, 231, 29, 1),
(660, 231, 30, 1),
(661, 231, 32, 1),
(662, 231, 34, 1),
(663, 231, 52, 1),
(664, 231, 53, 1),
(665, 231, 54, 1),
(666, 231, 55, 1),
(667, 231, 56, 1),
(668, 231, 57, 1),
(669, 231, 58, 1),
(670, 231, 59, 1),
(671, 231, 60, 1),
(672, 231, 61, 1),
(673, 231, 62, 1),
(674, 231, 63, 1),
(675, 231, 64, 1),
(676, 232, 16, 1),
(677, 232, 17, 1),
(678, 232, 18, 1),
(679, 232, 21, 1),
(680, 232, 22, 1),
(681, 232, 24, 1),
(682, 232, 25, 1),
(683, 232, 26, 1),
(684, 232, 27, 1),
(685, 232, 29, 1),
(686, 232, 30, 1),
(687, 232, 32, 1),
(688, 232, 34, 1),
(689, 232, 52, 1),
(690, 232, 53, 1),
(691, 232, 54, 1),
(692, 232, 55, 1),
(693, 232, 56, 1),
(694, 232, 57, 1),
(695, 232, 58, 1),
(696, 232, 59, 1),
(697, 232, 60, 1),
(698, 232, 61, 1),
(699, 232, 62, 1),
(700, 232, 63, 1),
(701, 232, 64, 1),
(702, 233, 16, 1),
(703, 233, 17, 1),
(704, 233, 18, 1),
(705, 233, 21, 1),
(706, 233, 22, 1),
(707, 233, 24, 1),
(708, 233, 25, 1),
(709, 233, 26, 1),
(710, 233, 27, 1),
(711, 233, 29, 1),
(712, 233, 30, 1),
(713, 233, 32, 1),
(714, 233, 34, 1),
(715, 233, 52, 1),
(716, 233, 53, 1),
(717, 233, 54, 1),
(718, 233, 55, 1),
(719, 233, 56, 1),
(720, 233, 57, 1),
(721, 233, 58, 1),
(722, 233, 59, 1),
(723, 233, 60, 1),
(724, 233, 61, 1),
(725, 233, 62, 1),
(726, 233, 63, 1),
(727, 233, 64, 1),
(728, 234, 16, 1),
(729, 234, 17, 1),
(730, 234, 18, 1),
(731, 234, 21, 1),
(732, 234, 22, 1),
(733, 234, 24, 1),
(734, 234, 25, 1),
(735, 234, 26, 1),
(736, 234, 27, 1),
(737, 234, 29, 1),
(738, 234, 30, 1),
(739, 234, 32, 1),
(740, 234, 34, 1),
(741, 234, 52, 1),
(742, 234, 53, 1),
(743, 234, 54, 1),
(744, 234, 55, 1),
(745, 234, 56, 1),
(746, 234, 57, 1),
(747, 234, 58, 1),
(748, 234, 59, 1),
(749, 234, 60, 1),
(750, 234, 61, 1),
(751, 234, 62, 1),
(752, 234, 63, 1),
(753, 234, 64, 1),
(754, 235, 16, 1),
(755, 235, 17, 1),
(756, 235, 18, 1),
(757, 235, 21, 1),
(758, 235, 22, 1),
(759, 235, 24, 1),
(760, 235, 25, 1),
(761, 235, 26, 1),
(762, 235, 27, 1),
(763, 235, 29, 1),
(764, 235, 30, 1),
(765, 235, 32, 1),
(766, 235, 34, 1),
(767, 235, 52, 1),
(768, 235, 53, 1),
(769, 235, 54, 1),
(770, 235, 55, 1),
(771, 235, 56, 1),
(772, 235, 57, 1),
(773, 235, 58, 1),
(774, 235, 59, 1),
(775, 235, 60, 1),
(776, 235, 61, 1),
(777, 235, 62, 1),
(778, 235, 63, 1),
(779, 235, 64, 1),
(780, 236, 16, 1),
(781, 236, 17, 1),
(782, 236, 18, 1),
(783, 236, 21, 1),
(784, 236, 22, 1),
(785, 236, 24, 1),
(786, 236, 25, 1),
(787, 236, 26, 1),
(788, 236, 27, 1),
(789, 236, 29, 1),
(790, 236, 30, 1),
(791, 236, 32, 1),
(792, 236, 34, 1),
(793, 236, 52, 1),
(794, 236, 53, 1),
(795, 236, 54, 1),
(796, 236, 55, 1),
(797, 236, 56, 1),
(798, 236, 57, 1),
(799, 236, 58, 1),
(800, 236, 59, 1),
(801, 236, 60, 1),
(802, 236, 61, 1),
(803, 236, 62, 1),
(804, 236, 63, 1),
(805, 236, 64, 1),
(806, 237, 16, 1),
(807, 237, 17, 1),
(808, 237, 18, 1),
(809, 237, 21, 1),
(810, 237, 22, 1),
(811, 237, 24, 1),
(812, 237, 25, 1),
(813, 237, 26, 1),
(814, 237, 27, 1),
(815, 237, 29, 1),
(816, 237, 30, 1),
(817, 237, 32, 1),
(818, 237, 34, 1),
(819, 237, 52, 1),
(820, 237, 53, 1),
(821, 237, 54, 1),
(822, 237, 55, 1),
(823, 237, 56, 1),
(824, 237, 57, 1),
(825, 237, 58, 1),
(826, 237, 59, 1),
(827, 237, 60, 1),
(828, 237, 61, 1),
(829, 237, 62, 1),
(830, 237, 63, 1),
(831, 237, 64, 1),
(832, 25, 11, 1),
(833, 25, 12, 1),
(834, 25, 13, 1),
(835, 25, 14, 1),
(836, 25, 15, 1),
(837, 280, 16, 1),
(838, 280, 17, 1),
(839, 280, 18, 1),
(840, 280, 21, 1),
(841, 280, 22, 1),
(842, 280, 24, 1),
(843, 280, 25, 1),
(844, 280, 26, 1),
(845, 280, 27, 1),
(846, 280, 29, 1),
(847, 280, 30, 1),
(848, 280, 32, 1),
(849, 280, 34, 1),
(850, 280, 52, 1),
(851, 280, 53, 1),
(852, 280, 54, 1),
(853, 280, 55, 1),
(854, 280, 56, 1),
(855, 280, 57, 1),
(856, 280, 58, 1),
(857, 280, 59, 1),
(858, 280, 60, 1),
(859, 280, 61, 1),
(860, 280, 62, 1),
(861, 280, 63, 1),
(862, 280, 64, 1),
(863, 281, 16, 1),
(864, 281, 17, 1),
(865, 281, 18, 1),
(866, 281, 21, 1),
(867, 281, 22, 1),
(868, 281, 24, 1),
(869, 281, 25, 1),
(870, 281, 26, 1),
(871, 281, 27, 1),
(872, 281, 29, 1),
(873, 281, 30, 1),
(874, 281, 32, 1),
(875, 281, 34, 1),
(876, 281, 52, 1),
(877, 281, 53, 1),
(878, 281, 54, 1),
(879, 281, 55, 1),
(880, 281, 56, 1),
(881, 281, 57, 1),
(882, 281, 58, 1),
(883, 281, 59, 1),
(884, 281, 60, 1),
(885, 281, 61, 1),
(886, 281, 62, 1),
(887, 281, 63, 1),
(888, 281, 64, 1),
(889, 282, 16, 1),
(890, 282, 17, 1),
(891, 282, 18, 1),
(892, 282, 21, 1),
(893, 282, 22, 1),
(894, 282, 24, 1),
(895, 282, 25, 1),
(896, 282, 26, 1),
(897, 282, 27, 1),
(898, 282, 29, 1),
(899, 282, 30, 1),
(900, 282, 32, 1),
(901, 282, 34, 1),
(902, 282, 52, 1),
(903, 282, 53, 1),
(904, 282, 54, 1),
(905, 282, 55, 1),
(906, 282, 56, 1),
(907, 282, 57, 1),
(908, 282, 58, 1),
(909, 282, 59, 1),
(910, 282, 60, 1),
(911, 282, 61, 1),
(912, 282, 62, 1),
(913, 282, 63, 1),
(914, 282, 64, 1),
(915, 283, 16, 1),
(916, 283, 17, 1),
(917, 283, 18, 1),
(918, 283, 21, 1),
(919, 283, 22, 1),
(920, 283, 24, 1),
(921, 283, 25, 1),
(922, 283, 26, 1),
(923, 283, 27, 1),
(924, 283, 29, 1),
(925, 283, 30, 1),
(926, 283, 32, 1),
(927, 283, 34, 1),
(928, 283, 52, 1),
(929, 283, 53, 1),
(930, 283, 54, 1),
(931, 283, 55, 1),
(932, 283, 56, 1),
(933, 283, 57, 1),
(934, 283, 58, 1),
(935, 283, 59, 1),
(936, 283, 60, 1),
(937, 283, 61, 1),
(938, 283, 62, 1),
(939, 283, 63, 1),
(940, 283, 64, 1),
(941, 284, 16, 1),
(942, 284, 17, 1),
(943, 284, 18, 1),
(944, 284, 21, 1),
(945, 284, 22, 1),
(946, 284, 24, 1),
(947, 284, 25, 1),
(948, 284, 26, 1),
(949, 284, 27, 1),
(950, 284, 29, 1),
(951, 284, 30, 1),
(952, 284, 32, 1),
(953, 284, 34, 1),
(954, 284, 52, 1),
(955, 284, 53, 1),
(956, 284, 54, 1),
(957, 284, 55, 1),
(958, 284, 56, 1),
(959, 284, 57, 1),
(960, 284, 58, 1),
(961, 284, 59, 1),
(962, 284, 60, 1),
(963, 284, 61, 1),
(964, 284, 62, 1),
(965, 284, 63, 1),
(966, 284, 64, 1),
(967, 285, 16, 1),
(968, 285, 17, 1),
(969, 285, 18, 1),
(970, 285, 21, 1),
(971, 285, 22, 1),
(972, 285, 24, 1),
(973, 285, 25, 1),
(974, 285, 26, 1),
(975, 285, 27, 1),
(976, 285, 29, 1),
(977, 285, 30, 1),
(978, 285, 32, 1),
(979, 285, 34, 1),
(980, 285, 52, 1),
(981, 285, 53, 1),
(982, 285, 54, 1),
(983, 285, 55, 1),
(984, 285, 56, 1),
(985, 285, 57, 1),
(986, 285, 58, 1),
(987, 285, 59, 1),
(988, 285, 60, 1),
(989, 285, 61, 1),
(990, 285, 62, 1),
(991, 285, 63, 1),
(992, 285, 64, 1),
(993, 286, 16, 1),
(994, 286, 17, 1),
(995, 286, 18, 1),
(996, 286, 21, 1),
(997, 286, 22, 1),
(998, 286, 24, 1),
(999, 286, 25, 1),
(1000, 286, 26, 1),
(1001, 286, 27, 1),
(1002, 286, 29, 1),
(1003, 286, 30, 1),
(1004, 286, 32, 1),
(1005, 286, 34, 1),
(1006, 286, 52, 1),
(1007, 286, 53, 1),
(1008, 286, 54, 1),
(1009, 286, 55, 1),
(1010, 286, 56, 1),
(1011, 286, 57, 1),
(1012, 286, 58, 1),
(1013, 286, 59, 1),
(1014, 286, 60, 1),
(1015, 286, 61, 1),
(1016, 286, 62, 1),
(1017, 286, 63, 1),
(1018, 286, 64, 1),
(1019, 287, 16, 1),
(1020, 287, 17, 1),
(1021, 287, 18, 1),
(1022, 287, 21, 1),
(1023, 287, 22, 1),
(1024, 287, 24, 1),
(1025, 287, 25, 1),
(1026, 287, 26, 1),
(1027, 287, 27, 1),
(1028, 287, 29, 1),
(1029, 287, 30, 1),
(1030, 287, 32, 1),
(1031, 287, 34, 1),
(1032, 287, 52, 1),
(1033, 287, 53, 1),
(1034, 287, 54, 1),
(1035, 287, 55, 1),
(1036, 287, 56, 1),
(1037, 287, 57, 1),
(1038, 287, 58, 1),
(1039, 287, 59, 1),
(1040, 287, 60, 1),
(1041, 287, 61, 1),
(1042, 287, 62, 1),
(1043, 287, 63, 1),
(1044, 287, 64, 1),
(1045, 288, 16, 1),
(1046, 288, 17, 1),
(1047, 288, 18, 1),
(1048, 288, 21, 1),
(1049, 288, 22, 1),
(1050, 288, 24, 1),
(1051, 288, 25, 1),
(1052, 288, 26, 1),
(1053, 288, 27, 1),
(1054, 288, 29, 1),
(1055, 288, 30, 1),
(1056, 288, 32, 1),
(1057, 288, 34, 1),
(1058, 288, 52, 1),
(1059, 288, 53, 1),
(1060, 288, 54, 1),
(1061, 288, 55, 1),
(1062, 288, 56, 1),
(1063, 288, 57, 1),
(1064, 288, 58, 1),
(1065, 288, 59, 1),
(1066, 288, 60, 1),
(1067, 288, 61, 1),
(1068, 288, 62, 1),
(1069, 288, 63, 1),
(1070, 288, 64, 1),
(1071, 289, 16, 1),
(1072, 289, 17, 1),
(1073, 289, 18, 1),
(1074, 289, 21, 1),
(1075, 289, 22, 1),
(1076, 289, 24, 1),
(1077, 289, 25, 1),
(1078, 289, 26, 1),
(1079, 289, 27, 1),
(1080, 289, 29, 1),
(1081, 289, 30, 1),
(1082, 289, 32, 1),
(1083, 289, 34, 1),
(1084, 289, 52, 1),
(1085, 289, 53, 1),
(1086, 289, 54, 1),
(1087, 289, 55, 1),
(1088, 289, 56, 1),
(1089, 289, 57, 1),
(1090, 289, 58, 1),
(1091, 289, 59, 1),
(1092, 289, 60, 1),
(1093, 289, 61, 1),
(1094, 289, 62, 1),
(1095, 289, 63, 1),
(1096, 289, 64, 1),
(1097, 290, 16, 1),
(1098, 290, 17, 1),
(1099, 290, 18, 1),
(1100, 290, 21, 1),
(1101, 290, 22, 1),
(1102, 290, 24, 1),
(1103, 290, 25, 1),
(1104, 290, 26, 1),
(1105, 290, 27, 1),
(1106, 290, 29, 1),
(1107, 290, 30, 1),
(1108, 290, 32, 1),
(1109, 290, 34, 1),
(1110, 290, 52, 1),
(1111, 290, 53, 1),
(1112, 290, 54, 1),
(1113, 290, 55, 1),
(1114, 290, 56, 1),
(1115, 290, 57, 1),
(1116, 290, 58, 1),
(1117, 290, 59, 1),
(1118, 290, 60, 1),
(1119, 290, 61, 1),
(1120, 290, 62, 1),
(1121, 290, 63, 1),
(1122, 290, 64, 1),
(1123, 291, 16, 1),
(1124, 291, 17, 1),
(1125, 291, 18, 1),
(1126, 291, 21, 1),
(1127, 291, 22, 1),
(1128, 291, 24, 1),
(1129, 291, 25, 1),
(1130, 291, 26, 1),
(1131, 291, 27, 1),
(1132, 291, 29, 1),
(1133, 291, 30, 1),
(1134, 291, 32, 1),
(1135, 291, 34, 1),
(1136, 291, 52, 1),
(1137, 291, 53, 1),
(1138, 291, 54, 1),
(1139, 291, 55, 1),
(1140, 291, 56, 1),
(1141, 291, 57, 1),
(1142, 291, 58, 1),
(1143, 291, 59, 1),
(1144, 291, 60, 1),
(1145, 291, 61, 1),
(1146, 291, 62, 1),
(1147, 291, 63, 1),
(1148, 291, 64, 1),
(1149, 292, 16, 1),
(1150, 292, 17, 1),
(1151, 292, 18, 1),
(1152, 292, 21, 1),
(1153, 292, 22, 1),
(1154, 292, 24, 1),
(1155, 292, 25, 1),
(1156, 292, 26, 1),
(1157, 292, 27, 1),
(1158, 292, 29, 1),
(1159, 292, 30, 1),
(1160, 292, 32, 1),
(1161, 292, 34, 1),
(1162, 292, 52, 1),
(1163, 292, 53, 1),
(1164, 292, 54, 1),
(1165, 292, 55, 1),
(1166, 292, 56, 1),
(1167, 292, 57, 1),
(1168, 292, 58, 1),
(1169, 292, 59, 1),
(1170, 292, 60, 1),
(1171, 292, 61, 1),
(1172, 292, 62, 1),
(1173, 292, 63, 1),
(1174, 292, 64, 1),
(1175, 293, 16, 1),
(1176, 293, 17, 1),
(1177, 293, 18, 1),
(1178, 293, 21, 1),
(1179, 293, 22, 1),
(1180, 293, 24, 1),
(1181, 293, 25, 1),
(1182, 293, 26, 1),
(1183, 293, 27, 1),
(1184, 293, 29, 1),
(1185, 293, 30, 1),
(1186, 293, 32, 1),
(1187, 293, 34, 1),
(1188, 293, 52, 1),
(1189, 293, 53, 1),
(1190, 293, 54, 1),
(1191, 293, 55, 1),
(1192, 293, 56, 1),
(1193, 293, 57, 1),
(1194, 293, 58, 1),
(1195, 293, 59, 1),
(1196, 293, 60, 1),
(1197, 293, 61, 1),
(1198, 293, 62, 1),
(1199, 293, 63, 1),
(1200, 293, 64, 1),
(1201, 294, 16, 1),
(1202, 294, 17, 1),
(1203, 294, 18, 1),
(1204, 294, 21, 1),
(1205, 294, 22, 1),
(1206, 294, 24, 1),
(1207, 294, 25, 1),
(1208, 294, 26, 1),
(1209, 294, 27, 1),
(1210, 294, 29, 1),
(1211, 294, 30, 1),
(1212, 294, 32, 1),
(1213, 294, 34, 1),
(1214, 294, 52, 1),
(1215, 294, 53, 1),
(1216, 294, 54, 1),
(1217, 294, 55, 1),
(1218, 294, 56, 1),
(1219, 294, 57, 1),
(1220, 294, 58, 1),
(1221, 294, 59, 1),
(1222, 294, 60, 1),
(1223, 294, 61, 1),
(1224, 294, 62, 1),
(1225, 294, 63, 1),
(1226, 294, 64, 1),
(1227, 296, 16, 1),
(1228, 296, 17, 1),
(1229, 296, 18, 1),
(1230, 296, 21, 1),
(1231, 296, 22, 1),
(1232, 296, 24, 1),
(1233, 296, 25, 1),
(1234, 296, 26, 1),
(1235, 296, 27, 1),
(1236, 296, 29, 1),
(1237, 296, 30, 1),
(1238, 296, 32, 1),
(1239, 296, 34, 1),
(1240, 296, 52, 1),
(1241, 296, 53, 1),
(1242, 296, 54, 1),
(1243, 296, 55, 1),
(1244, 296, 56, 1),
(1245, 296, 57, 1),
(1246, 296, 58, 1),
(1247, 296, 59, 1),
(1248, 296, 60, 1),
(1249, 296, 61, 1),
(1250, 296, 62, 1),
(1251, 296, 63, 1),
(1252, 296, 64, 1),
(1253, 297, 16, 1),
(1254, 297, 17, 1),
(1255, 297, 18, 1),
(1256, 297, 21, 1),
(1257, 297, 22, 1),
(1258, 297, 24, 1),
(1259, 297, 25, 1),
(1260, 297, 26, 1),
(1261, 297, 27, 1),
(1262, 297, 29, 1),
(1263, 297, 30, 1),
(1264, 297, 32, 1),
(1265, 297, 34, 1),
(1266, 297, 52, 1),
(1267, 297, 53, 1),
(1268, 297, 54, 1),
(1269, 297, 55, 1),
(1270, 297, 56, 1),
(1271, 297, 57, 1),
(1272, 297, 58, 1),
(1273, 297, 59, 1),
(1274, 297, 60, 1),
(1275, 297, 61, 1),
(1276, 297, 62, 1),
(1277, 297, 63, 1),
(1278, 297, 64, 1),
(1279, 298, 16, 1),
(1280, 298, 17, 1),
(1281, 298, 18, 1),
(1282, 298, 21, 1),
(1283, 298, 22, 1),
(1284, 298, 24, 1),
(1285, 298, 25, 1),
(1286, 298, 26, 1),
(1287, 298, 27, 1),
(1288, 298, 29, 1),
(1289, 298, 30, 1),
(1290, 298, 32, 1),
(1291, 298, 34, 1),
(1292, 298, 52, 1),
(1293, 298, 53, 1),
(1294, 298, 54, 1),
(1295, 298, 55, 1),
(1296, 298, 56, 1),
(1297, 298, 57, 1),
(1298, 298, 58, 1),
(1299, 298, 59, 1),
(1300, 298, 60, 1),
(1301, 298, 61, 1),
(1302, 298, 62, 1),
(1303, 298, 63, 1),
(1304, 298, 64, 1),
(1305, 299, 16, 1),
(1306, 299, 17, 1),
(1307, 299, 18, 1),
(1308, 299, 21, 1),
(1309, 299, 22, 1),
(1310, 299, 24, 1),
(1311, 299, 25, 1),
(1312, 299, 26, 1),
(1313, 299, 27, 1),
(1314, 299, 29, 1),
(1315, 299, 30, 1),
(1316, 299, 32, 1),
(1317, 299, 34, 1),
(1318, 299, 52, 1),
(1319, 299, 53, 1),
(1320, 299, 54, 1),
(1321, 299, 55, 1),
(1322, 299, 56, 1),
(1323, 299, 57, 1),
(1324, 299, 58, 1),
(1325, 299, 59, 1),
(1326, 299, 60, 1),
(1327, 299, 61, 1),
(1328, 299, 62, 1),
(1329, 299, 63, 1),
(1330, 299, 64, 1),
(1331, 300, 16, 1),
(1332, 300, 17, 1),
(1333, 300, 18, 1),
(1334, 300, 21, 1),
(1335, 300, 22, 1),
(1336, 300, 24, 1),
(1337, 300, 25, 1),
(1338, 300, 26, 1),
(1339, 300, 27, 1),
(1340, 300, 29, 1),
(1341, 300, 30, 1),
(1342, 300, 32, 1),
(1343, 300, 34, 1),
(1344, 300, 52, 1),
(1345, 300, 53, 1),
(1346, 300, 54, 1),
(1347, 300, 55, 1),
(1348, 300, 56, 1),
(1349, 300, 57, 1),
(1350, 300, 58, 1),
(1351, 300, 59, 1),
(1352, 300, 60, 1),
(1353, 300, 61, 1),
(1354, 300, 62, 1),
(1355, 300, 63, 1),
(1356, 300, 64, 1),
(1357, 301, 16, 1),
(1358, 301, 17, 1),
(1359, 301, 18, 1),
(1360, 301, 21, 1),
(1361, 301, 22, 1),
(1362, 301, 24, 1),
(1363, 301, 25, 1),
(1364, 301, 26, 1),
(1365, 301, 27, 1),
(1366, 301, 29, 1),
(1367, 301, 30, 1),
(1368, 301, 32, 1),
(1369, 301, 34, 1),
(1370, 301, 52, 1),
(1371, 301, 53, 1),
(1372, 301, 54, 1),
(1373, 301, 55, 1),
(1374, 301, 56, 1),
(1375, 301, 57, 1),
(1376, 301, 58, 1),
(1377, 301, 59, 1),
(1378, 301, 60, 1),
(1379, 301, 61, 1),
(1380, 301, 62, 1),
(1381, 301, 63, 1),
(1382, 301, 64, 1),
(1383, 302, 16, 1),
(1384, 302, 17, 1),
(1385, 302, 18, 1),
(1386, 302, 21, 1),
(1387, 302, 22, 1),
(1388, 302, 24, 1),
(1389, 302, 25, 1),
(1390, 302, 26, 1),
(1391, 302, 27, 1),
(1392, 302, 29, 1),
(1393, 302, 30, 1),
(1394, 302, 32, 1),
(1395, 302, 34, 1),
(1396, 302, 52, 1),
(1397, 302, 53, 1),
(1398, 302, 54, 1),
(1399, 302, 55, 1),
(1400, 302, 56, 1),
(1401, 302, 57, 1),
(1402, 302, 58, 1),
(1403, 302, 59, 1),
(1404, 302, 60, 1),
(1405, 302, 61, 1),
(1406, 302, 62, 1),
(1407, 302, 63, 1),
(1408, 302, 64, 1),
(1409, 303, 16, 1),
(1410, 303, 17, 1),
(1411, 303, 18, 1),
(1412, 303, 21, 1),
(1413, 303, 22, 1),
(1414, 303, 24, 1),
(1415, 303, 25, 1),
(1416, 303, 26, 1),
(1417, 303, 27, 1),
(1418, 303, 29, 1),
(1419, 303, 30, 1),
(1420, 303, 32, 1),
(1421, 303, 34, 1),
(1422, 303, 52, 1),
(1423, 303, 53, 1),
(1424, 303, 54, 1),
(1425, 303, 55, 1),
(1426, 303, 56, 1),
(1427, 303, 57, 1),
(1428, 303, 58, 1),
(1429, 303, 59, 1),
(1430, 303, 60, 1),
(1431, 303, 61, 1),
(1432, 303, 62, 1),
(1433, 303, 63, 1),
(1434, 303, 64, 1),
(1435, 304, 16, 1),
(1436, 304, 17, 1),
(1437, 304, 18, 1),
(1438, 304, 21, 1),
(1439, 304, 22, 1),
(1440, 304, 24, 1),
(1441, 304, 25, 1),
(1442, 304, 26, 1),
(1443, 304, 27, 1),
(1444, 304, 29, 1),
(1445, 304, 30, 1),
(1446, 304, 32, 1),
(1447, 304, 34, 1),
(1448, 304, 52, 1),
(1449, 304, 53, 1),
(1450, 304, 54, 1),
(1451, 304, 55, 1),
(1452, 304, 56, 1),
(1453, 304, 57, 1),
(1454, 304, 58, 1),
(1455, 304, 59, 1),
(1456, 304, 60, 1),
(1457, 304, 61, 1),
(1458, 304, 62, 1),
(1459, 304, 63, 1),
(1460, 304, 64, 1);

-- --------------------------------------------------------

--
-- Table structure for table `young_people`
--

CREATE TABLE IF NOT EXISTS `young_people` (
  `id_yp` int(11) NOT NULL AUTO_INCREMENT,
  `yp_firstname` varchar(50) NOT NULL,
  `yp_lastname` varchar(50) NOT NULL,
  `yp_tel` varchar(50) NOT NULL,
  `yp_email` varchar(100) NOT NULL,
  `dob` date NOT NULL,
  `gender` varchar(1) NOT NULL,
  `postcode` varchar(10) NOT NULL,
  `vcode` varchar(200) NOT NULL,
  PRIMARY KEY (`id_yp`)
) ENGINE=InnoDB  DEFAULT CHARSET=latin1 AUTO_INCREMENT=93 ;

